TIME,rmnet_data0_tx,rndis0_tx,wlan0_tx,wlan1_tx,br0_tx,br0_wlan0_tx,br0_wlan1_tx,modem_ipv4_tx,modem_ipv6_tx,rmnet_data0_rx,rndis0_rx,wlan0_rx,wlan1_rx,br0_rx,br0_wlan0_rx,br0_wlan1_rx,modem_ipv4_rx,modem_ipv6_rx,nf_count
06/29/2022_13:56:22,5837047,0,5899983,10969975,11657308,5899983,10969975,209403785,209403785,75516138,0,294939,4852264,5147203,294939,4852264,2101764308,2101764308,12
06/29/2022_13:59:35,5838267,0,5900927,10970919,11658252,5900927,10970919,209405005,209405005,75516308,0,294939,4852264,5147203,294939,4852264,2101764478,2101764478,12
06/29/2022_14:02:49,5838267,0,5902225,10972217,11659550,5902225,10972217,209405005,209405005,75516308,0,294939,4852264,5147203,294939,4852264,2101764478,2101764478,14
06/29/2022_14:06:03,5838267,0,5903405,10973397,11660730,5903405,10973397,209405005,209405005,75516308,0,294939,4852264,5147203,294939,4852264,2101764478,2101764478,14
06/29/2022_14:09:17,5838267,0,5904231,10974223,11661556,5904231,10974223,209405005,209405005,75516308,0,294939,4852264,5147203,294939,4852264,2101764478,2101764478,12
06/29/2022_14:12:30,5838267,0,5905529,10975521,11662854,5905529,10975521,209405005,209405005,75516308,0,294939,4852264,5147203,294939,4852264,2101764478,2101764478,13
06/29/2022_14:15:44,5839487,0,5906355,10976347,11663680,5906355,10976347,209406225,209406225,75516478,0,294939,4852264,5147203,294939,4852264,2101764648,2101764648,14
06/29/2022_14:18:57,5839487,0,5907535,10977527,11664860,5907535,10977527,209406225,209406225,75516478,0,294939,4852264,5147203,294939,4852264,2101764648,2101764648,13
06/29/2022_14:22:11,5839487,0,5908479,10978471,11665804,5908479,10978471,209406225,209406225,75516478,0,294939,4852264,5147203,294939,4852264,2101764648,2101764648,12
06/29/2022_14:25:25,5839696,0,5909777,10979769,11667102,5909777,10979769,209406434,209406434,75516648,0,294939,4852264,5147203,294939,4852264,2101764818,2101764818,13
06/29/2022_14:28:38,5839696,0,5910603,10980595,11667928,5910603,10980595,209406434,209406434,75516648,0,294939,4852264,5147203,294939,4852264,2101764818,2101764818,15
06/29/2022_14:31:52,5840916,0,5911783,10981775,11669108,5911783,10981775,209407654,209407654,75516818,0,294939,4852264,5147203,294939,4852264,2101764988,2101764988,13
06/29/2022_14:35:06,5840916,0,5912963,10982955,11670288,5912963,10982955,209407654,209407654,75516818,0,294939,4852264,5147203,294939,4852264,2101764988,2101764988,14
06/29/2022_14:38:19,5840916,0,5913907,10983899,11671232,5913907,10983899,209407654,209407654,75516818,0,294939,4852264,5147203,294939,4852264,2101764988,2101764988,14
06/29/2022_14:41:33,5840916,0,5915087,10985079,11672412,5915087,10985079,209407654,209407654,75516818,0,294939,4852264,5147203,294939,4852264,2101764988,2101764988,12
06/29/2022_14:44:47,5842136,0,5916031,10986023,11673356,5916031,10986023,209408874,209408874,75516988,0,294939,4852264,5147203,294939,4852264,2101765158,2101765158,13
06/29/2022_14:48:00,5842136,0,5917329,10987321,11674654,5917329,10987321,209408874,209408874,75516988,0,294939,4852264,5147203,294939,4852264,2101765158,2101765158,14
06/29/2022_14:51:14,5842136,0,5918273,10988265,11675598,5918273,10988265,209408874,209408874,75516988,0,294939,4852264,5147203,294939,4852264,2101765158,2101765158,12
06/29/2022_14:54:28,5842345,0,5919453,10989445,11676778,5919453,10989445,209409083,209409083,75517158,0,294939,4852264,5147203,294939,4852264,2101765328,2101765328,12
06/29/2022_14:57:41,5842345,0,5920515,10990625,11677958,5920633,10990625,209409083,209409083,75517158,0,294939,4852264,5147203,294939,4852264,2101765328,2101765328,14
06/29/2022_15:00:55,5843565,0,5921459,10991451,11678784,5921459,10991451,209410303,209410303,75517328,0,294939,4852264,5147203,294939,4852264,2101765498,2101765498,14
06/29/2022_15:04:08,5843565,0,5922639,10992631,11679964,5922639,10992631,209410303,209410303,75517328,0,294939,4852264,5147203,294939,4852264,2101765498,2101765498,14
06/29/2022_15:07:22,5843565,0,5923583,10993575,11680908,5923583,10993575,209410303,209410303,75517328,0,294939,4852264,5147203,294939,4852264,2101765498,2101765498,12
06/29/2022_15:10:36,5843565,0,5924645,10994637,11681970,5924645,10994637,209410303,209410303,75517328,0,294939,4852264,5147203,294939,4852264,2101765498,2101765498,14
06/29/2022_15:13:49,5844785,0,5925589,10995581,11682914,5925589,10995581,209411523,209411523,75517498,0,294939,4852264,5147203,294939,4852264,2101765668,2101765668,14
06/29/2022_15:17:03,5844785,0,5926769,10996761,11684094,5926769,10996761,209411523,209411523,75517498,0,294939,4852264,5147203,294939,4852264,2101765668,2101765668,14
06/29/2022_15:20:17,5844994,0,5927595,10997587,11684920,5927595,10997587,209411732,209411732,75517668,0,294939,4852264,5147203,294939,4852264,2101765838,2101765838,12
06/29/2022_15:23:30,5844994,0,5928775,10998767,11686100,5928775,10998767,209411732,209411732,75517668,0,294939,4852264,5147203,294939,4852264,2101765838,2101765838,14
06/29/2022_15:26:44,5844994,0,5929601,10999593,11686926,5929601,10999593,209411732,209411732,75517668,0,294939,4852264,5147203,294939,4852264,2101765838,2101765838,13
06/29/2022_15:29:58,5846216,0,5930899,11000891,11688224,5930899,11000891,209412954,209412954,75517838,0,294939,4852264,5147203,294939,4852264,2101766008,2101766008,13
06/29/2022_15:33:11,5846216,0,5931843,11001835,11689168,5931843,11001835,209412954,209412954,75517838,0,294939,4852264,5147203,294939,4852264,2101766008,2101766008,17
06/29/2022_15:36:25,5846216,0,5933023,11003015,11690348,5933023,11003015,209412954,209412954,75517838,0,294939,4852264,5147203,294939,4852264,2101766008,2101766008,12
06/29/2022_15:39:38,5846216,0,5934321,11004313,11691646,5934321,11004313,209412954,209412954,75517838,0,294939,4852264,5147203,294939,4852264,2101766008,2101766008,12
06/29/2022_15:42:52,5846216,0,5935265,11005257,11692590,5935265,11005257,209412954,209412954,75517838,0,294939,4852264,5147203,294939,4852264,2101766008,2101766008,13
06/29/2022_15:46:06,5847436,0,5936445,11006437,11693770,5936445,11006437,209414174,209414174,75518008,0,294939,4852264,5147203,294939,4852264,2101766178,2101766178,15
06/29/2022_15:49:19,5847645,0,5937389,11007381,11694714,5937389,11007381,209414383,209414383,75518178,0,294939,4852264,5147203,294939,4852264,2101766348,2101766348,12
06/29/2022_15:52:33,5847645,0,5938451,11008443,11695776,5938451,11008443,209414383,209414383,75518322,0,294939,4852264,5147203,294939,4852264,2101766444,2101766444,12
06/29/2022_15:55:47,5847645,0,5939395,11009387,11696720,5939395,11009387,209414383,209414383,75518322,0,294939,4852264,5147203,294939,4852264,2101766444,2101766444,13
06/29/2022_15:59:00,5848865,0,5940575,11010567,11697900,5940575,11010567,209415603,209415603,75518492,0,294939,4852264,5147203,294939,4852264,2101766614,2101766614,14
06/29/2022_16:02:14,5848865,0,5941519,11011511,11698844,5941519,11011511,209415603,209415603,75518492,0,294939,4852264,5147203,294939,4852264,2101766614,2101766614,13
06/29/2022_16:05:28,5848865,0,5942699,11012691,11700024,5942699,11012691,209415603,209415603,75518492,0,294939,4852264,5147203,294939,4852264,2101766614,2101766614,12
06/29/2022_16:08:41,5848865,0,5943879,11013871,11701204,5943879,11013871,209415603,209415603,75518492,0,294939,4852264,5147203,294939,4852264,2101766614,2101766614,14
06/29/2022_16:11:55,5848865,0,5944705,11014697,11702030,5944705,11014697,209415603,209415603,75518492,0,294939,4852264,5147203,294939,4852264,2101766614,2101766614,13
06/29/2022_16:15:09,5850085,0,5945885,11015877,11703210,5945885,11015877,209416823,209416823,75518662,0,294939,4852264,5147203,294939,4852264,2101766784,2101766784,14
06/29/2022_16:18:22,5850294,0,5946711,11016703,11704036,5946711,11016703,209417032,209417032,75518832,0,294939,4852264,5147203,294939,4852264,2101766954,2101766954,14
06/29/2022_16:21:36,5850294,0,5947891,11017883,11705216,5947891,11017883,209417032,209417032,75518832,0,294939,4852264,5147203,294939,4852264,2101766954,2101766954,12
06/29/2022_16:24:50,5850294,0,5948835,11018827,11706160,5948835,11018827,209417032,209417032,75518832,0,294939,4852264,5147203,294939,4852264,2101766954,2101766954,13
06/29/2022_16:28:03,5850294,0,5950015,11020007,11707340,5950015,11020007,209417032,209417032,75518832,0,294939,4852264,5147203,294939,4852264,2101766954,2101766954,13
06/29/2022_16:31:17,5851515,0,5950841,11020833,11708166,5950841,11020833,209418253,209418253,75519002,0,294939,4852264,5147203,294939,4852264,2101767124,2101767124,14
06/29/2022_16:34:31,5851515,0,5952021,11022013,11709346,5952021,11022013,209418253,209418253,75519002,0,294939,4852264,5147203,294939,4852264,2101767124,2101767124,12
06/29/2022_16:37:44,5851515,0,5953201,11023193,11710526,5953201,11023193,209418253,209418253,75519002,0,294939,4852264,5147203,294939,4852264,2101767124,2101767124,14
06/29/2022_16:40:58,5851515,0,5954027,11024019,11711352,5954027,11024019,209418253,209418253,75519002,0,294939,4852264,5147203,294939,4852264,2101767124,2101767124,13
06/29/2022_16:44:11,5852944,0,5955325,11025317,11712650,5955325,11025317,209419682,209419682,75519342,0,294939,4852264,5147203,294939,4852264,2101767464,2101767464,15
06/29/2022_16:47:25,5852944,0,5956151,11026143,11713476,5956151,11026143,209419682,209419682,75519342,0,294939,4852264,5147203,294939,4852264,2101767464,2101767464,12
06/29/2022_16:50:39,5852944,0,5957449,11027441,11714774,5957449,11027441,209419682,209419682,75519342,0,294939,4852264,5147203,294939,4852264,2101767464,2101767464,13
06/29/2022_16:53:52,5852944,0,5958275,11028267,11715600,5958275,11028267,209419682,209419682,75519342,0,294939,4852264,5147203,294939,4852264,2101767464,2101767464,13
06/29/2022_16:57:06,5852944,0,5959573,11029565,11716898,5959573,11029565,209419682,209419682,75519342,0,294939,4852264,5147203,294939,4852264,2101767464,2101767464,13
06/29/2022_17:00:20,5854164,0,5960517,11030509,11717842,5960517,11030509,209420902,209420902,75519512,0,294939,4852264,5147203,294939,4852264,2101767634,2101767634,12
06/29/2022_17:03:33,5854164,0,5961815,11031807,11719140,5961815,11031807,209420902,209420902,75519512,0,294939,4852264,5147203,294939,4852264,2101767634,2101767634,14
06/29/2022_17:06:47,5854164,0,5962759,11032751,11720084,5962759,11032751,209420902,209420902,75519512,0,294939,4852264,5147203,294939,4852264,2101767634,2101767634,13
06/29/2022_17:10:00,5854164,0,5963939,11033931,11721264,5963939,11033931,209420902,209420902,75519512,0,294939,4852264,5147203,294939,4852264,2101767634,2101767634,13
06/29/2022_17:13:14,5854373,0,5965237,11035229,11722562,5965237,11035229,209421111,209421111,75519682,0,294939,4852264,5147203,294939,4852264,2101767804,2101767804,16
06/29/2022_17:16:28,5855593,0,5966063,11036055,11723388,5966063,11036055,209422331,209422331,75519852,0,294939,4852264,5147203,294939,4852264,2101767974,2101767974,13
06/29/2022_17:19:42,5855593,0,5967243,11037235,11724568,5967243,11037235,209422331,209422331,75519852,0,294939,4852264,5147203,294939,4852264,2101767974,2101767974,13
06/29/2022_17:22:55,5855593,0,5968187,11038179,11725512,5968187,11038179,209422331,209422331,75519852,0,294939,4852264,5147203,294939,4852264,2101767974,2101767974,13
06/29/2022_17:26:09,5855593,0,5969367,11039359,11726692,5969367,11039359,209422331,209422331,75519852,0,294939,4852264,5147203,294939,4852264,2101767974,2101767974,13
06/29/2022_17:29:22,5856813,0,5970193,11040185,11727518,5970193,11040185,209423551,209423551,75520022,0,294939,4852264,5147203,294939,4852264,2101768144,2101768144,13
06/29/2022_17:32:36,5856813,0,5971373,11041365,11728698,5971373,11041365,209423551,209423551,75520022,0,294939,4852264,5147203,294939,4852264,2101768144,2101768144,12
06/29/2022_17:35:50,5856813,0,5972435,11042427,11729760,5972435,11042427,209423551,209423551,75520022,0,294939,4852264,5147203,294939,4852264,2101768144,2101768144,14
06/29/2022_17:39:03,5856813,0,5973497,11043489,11730822,5973497,11043489,209423551,209423551,75520022,0,294939,4852264,5147203,294939,4852264,2101768144,2101768144,12
06/29/2022_17:42:17,5857022,0,5974677,11044669,11732002,5974677,11044669,209423760,209423760,75520192,0,294939,4852264,5147203,294939,4852264,2101768314,2101768314,14
06/29/2022_17:45:31,5858242,0,5975503,11045495,11732828,5975503,11045495,209424980,209424980,75520362,0,294939,4852264,5147203,294939,4852264,2101768484,2101768484,12
06/29/2022_17:48:44,5858242,0,5976683,11046675,11734008,5976683,11046675,209424980,209424980,75520362,0,294939,4852264,5147203,294939,4852264,2101768484,2101768484,13
06/29/2022_17:51:58,5858242,0,5977627,11047619,11734952,5977627,11047619,209424980,209424980,75520362,0,294939,4852264,5147203,294939,4852264,2101768484,2101768484,14
06/29/2022_17:55:12,5858242,0,5978689,11048681,11736014,5978689,11048681,209424980,209424980,75520362,0,294939,4852264,5147203,294939,4852264,2101768484,2101768484,13
06/29/2022_17:58:25,5858242,0,5979633,11049625,11736958,5979633,11049625,209424980,209424980,75520362,0,294939,4852264,5147203,294939,4852264,2101768484,2101768484,14
06/29/2022_18:01:39,5859462,0,5980813,11050805,11738138,5980813,11050805,209426200,209426200,75520532,0,294939,4852264,5147203,294939,4852264,2101768654,2101768654,13
06/29/2022_18:04:52,5859462,0,5981993,11051985,11739318,5981993,11051985,209426200,209426200,75520532,0,294939,4852264,5147203,294939,4852264,2101768654,2101768654,14
06/29/2022_18:08:06,5859671,0,5982937,11052929,11740262,5982937,11052929,209426409,209426409,75520702,0,294939,4852264,5147203,294939,4852264,2101768824,2101768824,15
06/29/2022_18:11:20,5859671,0,5984117,11054109,11741442,5984117,11054109,209426409,209426409,75520702,0,294939,4852264,5147203,294939,4852264,2101768824,2101768824,14
06/29/2022_18:14:33,5860891,0,5985061,11055053,11742386,5985061,11055053,209427629,209427629,75520872,0,294939,4852264,5147203,294939,4852264,2101768994,2101768994,12
06/29/2022_18:17:47,5860891,0,5986241,11056233,11743566,5986241,11056233,209427629,209427629,75520872,0,294939,4852264,5147203,294939,4852264,2101768994,2101768994,11
06/29/2022_18:21:00,5860891,0,5987067,11057059,11744392,5987067,11057059,209427629,209427629,75520872,0,294939,4852264,5147203,294939,4852264,2101768994,2101768994,13
06/29/2022_18:24:14,5860891,0,5988247,11058239,11745572,5988247,11058239,209427629,209427629,75520872,0,294939,4852264,5147203,294939,4852264,2101768994,2101768994,13
06/29/2022_18:27:28,5860891,0,5989191,11059183,11746516,5989191,11059183,209427629,209427629,75520872,0,294939,4852264,5147203,294939,4852264,2101768994,2101768994,12
06/29/2022_18:30:41,5862113,0,5990371,11060363,11747696,5990371,11060363,209428851,209428851,75520970,0,294939,4852264,5147203,294939,4852264,2101769092,2101769092,12
06/29/2022_18:33:55,5862113,0,5991551,11061543,11748876,5991551,11061543,209428851,209428851,75520970,0,294939,4852264,5147203,294939,4852264,2101769092,2101769092,14
06/29/2022_18:37:09,5862322,0,5992259,11062251,11749584,5992259,11062251,209429060,209429060,75521140,0,294939,4852264,5147203,294939,4852264,2101769262,2101769262,13
06/29/2022_18:40:22,5862322,0,5993557,11063549,11750882,5993557,11063549,209429060,209429060,75521140,0,294939,4852264,5147203,294939,4852264,2101769262,2101769262,14
06/29/2022_18:43:36,5862322,0,5994383,11064375,11751708,5994383,11064375,209429060,209429060,75521140,0,294939,4852264,5147203,294939,4852264,2101769262,2101769262,14
06/29/2022_18:46:49,5863544,0,5995563,11065555,11752888,5995563,11065555,209430282,209430282,75521310,0,294939,4852264,5147203,294939,4852264,2101769432,2101769432,13
06/29/2022_18:50:03,5863544,0,5996271,11066263,11753596,5996271,11066263,209430282,209430282,75521310,0,294939,4852264,5147203,294939,4852264,2101769432,2101769432,13
06/29/2022_18:53:17,5863544,0,5997569,11067561,11754894,5997569,11067561,209430282,209430282,75521310,0,294939,4852264,5147203,294939,4852264,2101769432,2101769432,15
06/29/2022_18:56:30,5863544,0,5998395,11068387,11755720,5998395,11068387,209430282,209430282,75521310,0,294939,4852264,5147203,294939,4852264,2101769432,2101769432,12
06/29/2022_18:59:44,5864764,0,5999693,11069685,11757018,5999693,11069685,209431502,209431502,75521480,0,294939,4852264,5147203,294939,4852264,2101769602,2101769602,12
06/29/2022_19:02:58,5864764,0,6000637,11070629,11757962,6000637,11070629,209431502,209431502,75521480,0,294939,4852264,5147203,294939,4852264,2101769602,2101769602,13
06/29/2022_19:06:11,5864973,0,6001817,11071809,11759142,6001817,11071809,209431711,209431711,75521650,0,294939,4852264,5147203,294939,4852264,2101769772,2101769772,13
06/29/2022_19:09:25,5864973,0,6003115,11073107,11760440,6003115,11073107,209431711,209431711,75521650,0,294939,4852264,5147203,294939,4852264,2101769772,2101769772,14
06/29/2022_19:12:38,5864973,0,6003941,11073933,11761266,6003941,11073933,209431711,209431711,75521650,0,294939,4852264,5147203,294939,4852264,2101769772,2101769772,12
06/29/2022_19:15:52,5866195,0,6005121,11075113,11762446,6005121,11075113,209432933,209432933,75521820,0,294939,4852264,5147203,294939,4852264,2101769942,2101769942,14
06/29/2022_19:19:06,5866195,0,6005947,11075939,11763272,6005947,11075939,209432933,209432933,75521820,0,294939,4852264,5147203,294939,4852264,2101769942,2101769942,13
06/29/2022_19:22:19,5866195,0,6007127,11077119,11764452,6007127,11077119,209432933,209432933,75521820,0,294939,4852264,5147203,294939,4852264,2101769942,2101769942,15
06/29/2022_19:25:33,5866195,0,6007953,11077945,11765278,6007953,11077945,209432933,209432933,75521820,0,294939,4852264,5147203,294939,4852264,2101769942,2101769942,12
06/29/2022_19:28:47,5867415,0,6009251,11079243,11766576,6009251,11079243,209434153,209434153,75521990,0,294939,4852264,5147203,294939,4852264,2101770112,2101770112,13
06/29/2022_19:32:00,5867624,0,6010077,11080069,11767402,6010077,11080069,209434362,209434362,75522160,0,294939,4852264,5147203,294939,4852264,2101770282,2101770282,14
06/29/2022_19:35:14,5867624,0,6011375,11081367,11768700,6011375,11081367,209434362,209434362,75522160,0,294939,4852264,5147203,294939,4852264,2101770282,2101770282,13
06/29/2022_19:38:28,5867624,0,6012437,11082429,11769762,6012437,11082429,209434362,209434362,75522160,0,294939,4852264,5147203,294939,4852264,2101770282,2101770282,15
06/29/2022_19:41:41,5867624,0,6013617,11083609,11770942,6013617,11083609,209434362,209434362,75522160,0,294939,4852264,5147203,294939,4852264,2101770282,2101770282,12
06/29/2022_19:44:55,5868844,0,6014915,11084907,11772240,6014915,11084907,209435582,209435582,75522330,0,294939,4852264,5147203,294939,4852264,2101770452,2101770452,14
06/29/2022_19:48:09,5868844,0,6015741,11085733,11773066,6015741,11085733,209435582,209435582,75522330,0,294939,4852264,5147203,294939,4852264,2101770452,2101770452,15
06/29/2022_19:51:22,5868844,0,6016921,11086913,11774246,6016921,11086913,209435582,209435582,75522330,0,294939,4852264,5147203,294939,4852264,2101770452,2101770452,14
06/29/2022_19:54:36,5868844,0,6017747,11087739,11775072,6017747,11087739,209435582,209435582,75522330,0,294939,4852264,5147203,294939,4852264,2101770452,2101770452,12
06/29/2022_19:57:49,5868844,0,6018927,11088919,11776252,6018927,11088919,209435582,209435582,75522330,0,294939,4852264,5147203,294939,4852264,2101770452,2101770452,12
06/29/2022_20:01:03,5870273,0,6019753,11089745,11777078,6019753,11089745,209437011,209437011,75522670,0,294939,4852264,5147203,294939,4852264,2101770792,2101770792,13
06/29/2022_20:04:17,5870273,0,6020933,11090925,11778258,6020933,11090925,209437011,209437011,75522670,0,294939,4852264,5147203,294939,4852264,2101770792,2101770792,13
06/29/2022_20:07:30,5870273,0,6021759,11091751,11779084,6021759,11091751,209437011,209437011,75522670,0,294939,4852264,5147203,294939,4852264,2101770792,2101770792,13
06/29/2022_20:10:44,5870273,0,6022939,11092931,11780264,6022939,11092931,209437011,209437011,75522670,0,294939,4852264,5147203,294939,4852264,2101770792,2101770792,12
06/29/2022_20:13:58,5871493,0,6024237,11094229,11781562,6024237,11094229,209438231,209438231,75522840,0,294939,4852264,5147203,294939,4852264,2101770962,2101770962,14
06/29/2022_20:17:11,5871493,0,6025063,11095055,11782388,6025063,11095055,209438231,209438231,75522840,0,294939,4852264,5147203,294939,4852264,2101770962,2101770962,13
06/29/2022_20:20:25,5871493,0,6026361,11096353,11783686,6026361,11096353,209438231,209438231,75522840,0,294939,4852264,5147203,294939,4852264,2101770962,2101770962,14
06/29/2022_20:23:39,5871493,0,6027187,11097179,11784512,6027187,11097179,209438231,209438231,75522840,0,294939,4852264,5147203,294939,4852264,2101770962,2101770962,14
06/29/2022_20:26:53,5871493,0,6028485,11098477,11785810,6028485,11098477,209438231,209438231,75522840,0,294939,4852264,5147203,294939,4852264,2101770962,2101770962,12
06/29/2022_20:30:06,5872922,0,6029429,11099421,11786754,6029429,11099421,209439660,209439660,75523180,0,294939,4852264,5147203,294939,4852264,2101771302,2101771302,13
06/29/2022_20:33:20,5872922,0,6030609,11100601,11787934,6030609,11100601,209439660,209439660,75523180,0,294939,4852264,5147203,294939,4852264,2101771302,2101771302,15
06/29/2022_20:36:33,5872922,0,6031553,11101545,11788878,6031553,11101545,209439660,209439660,75523180,0,294939,4852264,5147203,294939,4852264,2101771302,2101771302,12
06/29/2022_20:39:47,5872922,0,6032733,11102725,11790058,6032733,11102725,209439660,209439660,75523180,0,294939,4852264,5147203,294939,4852264,2101771302,2101771302,12
06/29/2022_20:43:01,5872922,0,6033913,11103905,11791238,6033913,11103905,209439660,209439660,75523180,0,294939,4852264,5147203,294939,4852264,2101771302,2101771302,14
06/29/2022_20:46:14,5874142,0,6034739,11104731,11792064,6034739,11104731,209440880,209440880,75523278,0,294939,4852264,5147203,294939,4852264,2101771400,2101771400,13
06/29/2022_20:49:28,5874142,0,6036037,11106029,11793362,6036037,11106029,209440880,209440880,75523278,0,294939,4852264,5147203,294939,4852264,2101771400,2101771400,14
06/29/2022_20:52:42,5874142,0,6036863,11106855,11794188,6036863,11106855,209440880,209440880,75523278,0,294939,4852264,5147203,294939,4852264,2101771400,2101771400,13
06/29/2022_20:55:55,5874351,0,6038043,11108035,11795368,6038043,11108035,209441089,209441089,75523376,0,294939,4852264,5147203,294939,4852264,2101771498,2101771498,12
06/29/2022_20:59:09,5875572,0,6038869,11108861,11796194,6038869,11108861,209442310,209442310,75523546,0,294939,4852264,5147203,294939,4852264,2101771668,2101771668,14
06/29/2022_21:02:23,5875572,0,6040049,11110041,11797374,6040049,11110041,209442310,209442310,75523546,0,294939,4852264,5147203,294939,4852264,2101771668,2101771668,13
06/29/2022_21:05:37,5875572,0,6040875,11110867,11798200,6040875,11110867,209442310,209442310,75523546,0,294939,4852264,5147203,294939,4852264,2101771668,2101771668,12
06/29/2022_21:08:50,5875572,0,6042055,11112047,11799380,6042055,11112047,209442310,209442310,75523546,0,294939,4852264,5147203,294939,4852264,2101771668,2101771668,12
06/29/2022_21:12:04,5875572,0,6042881,11112873,11800206,6042881,11112873,209442310,209442310,75523546,0,294939,4852264,5147203,294939,4852264,2101771668,2101771668,13
06/29/2022_21:15:17,5876792,0,6044061,11114053,11801386,6044061,11114053,209443530,209443530,75523716,0,294939,4852264,5147203,294939,4852264,2101771838,2101771838,12
06/29/2022_21:18:31,5876792,0,6045359,11115351,11802684,6045359,11115351,209443530,209443530,75523716,0,294939,4852264,5147203,294939,4852264,2101771838,2101771838,17
06/29/2022_21:21:45,5876792,0,6046185,11116177,11803510,6046185,11116177,209443530,209443530,75523716,0,294939,4852264,5147203,294939,4852264,2101771838,2101771838,12
06/29/2022_21:24:58,5877001,0,6047365,11117357,11804690,6047365,11117357,209443739,209443739,75523886,0,294939,4852264,5147203,294939,4852264,2101772008,2101772008,13
06/29/2022_21:28:12,5877001,0,6048309,11118301,11805634,6048309,11118301,209443739,209443739,75523886,0,294939,4852264,5147203,294939,4852264,2101772008,2101772008,16
06/29/2022_21:31:26,5878221,0,6049489,11119481,11806814,6049489,11119481,209444959,209444959,75524056,0,294939,4852264,5147203,294939,4852264,2101772178,2101772178,13
06/29/2022_21:34:39,5878221,0,6050315,11120307,11807640,6050315,11120307,209444959,209444959,75524056,0,294939,4852264,5147203,294939,4852264,2101772178,2101772178,11
06/29/2022_21:37:53,5878221,0,6051613,11121605,11808938,6051613,11121605,209444959,209444959,75524056,0,294939,4852264,5147203,294939,4852264,2101772178,2101772178,13
06/29/2022_21:41:07,5878221,0,6052557,11122549,11809882,6052557,11122549,209444959,209444959,75524056,0,294939,4852264,5147203,294939,4852264,2101772178,2101772178,14
06/29/2022_21:44:20,5879443,0,6053501,11123493,11810826,6053501,11123493,209446181,209446181,75524226,0,294939,4852264,5147203,294939,4852264,2101772348,2101772348,13
06/29/2022_21:47:34,5879443,0,6054799,11124791,11812124,6054799,11124791,209446181,209446181,75524226,0,294939,4852264,5147203,294939,4852264,2101772348,2101772348,14
06/29/2022_21:50:47,5879443,0,6055743,11125735,11813068,6055743,11125735,209446181,209446181,75524226,0,294939,4852264,5147203,294939,4852264,2101772348,2101772348,12
06/29/2022_21:54:01,5879736,0,6056923,11126915,11814248,6056923,11126915,209446474,209446474,75524494,0,294939,4852264,5147203,294939,4852264,2101772616,2101772616,14
06/29/2022_21:57:15,5879736,0,6057749,11127741,11815074,6057749,11127741,209446474,209446474,75524638,0,294939,4852264,5147203,294939,4852264,2101772712,2101772712,13
06/29/2022_22:00:28,5880956,0,6059047,11129039,11816372,6059047,11129039,209447694,209447694,75524808,0,294939,4852264,5147203,294939,4852264,2101772882,2101772882,13
06/29/2022_22:03:42,5880956,0,6059991,11129983,11817316,6059991,11129983,209447694,209447694,75524808,0,294939,4852264,5147203,294939,4852264,2101772882,2101772882,13
06/29/2022_22:06:56,5880956,0,6061171,11131163,11818496,6061171,11131163,209447694,209447694,75524808,0,294939,4852264,5147203,294939,4852264,2101772882,2101772882,12
06/29/2022_22:10:09,5880956,0,6062469,11132461,11819794,6062469,11132461,209447694,209447694,75524808,0,294939,4852264,5147203,294939,4852264,2101772882,2101772882,14
06/29/2022_22:13:23,5880956,0,6063295,11133287,11820620,6063295,11133287,209447694,209447694,75524808,0,294939,4852264,5147203,294939,4852264,2101772882,2101772882,15
06/29/2022_22:16:37,5882177,0,6064475,11134467,11821800,6064475,11134467,209448915,209448915,75524978,0,294939,4852264,5147203,294939,4852264,2101773052,2101773052,13
06/29/2022_22:19:50,5882386,0,6065301,11135293,11822626,6065301,11135293,209449124,209449124,75525148,0,294939,4852264,5147203,294939,4852264,2101773222,2101773222,12
06/29/2022_22:23:04,5882386,0,6066599,11136591,11823924,6066599,11136591,209449124,209449124,75525148,0,294939,4852264,5147203,294939,4852264,2101773222,2101773222,15
06/29/2022_22:26:17,5882386,0,6067307,11137299,11824632,6067307,11137299,209449124,209449124,75525148,0,294939,4852264,5147203,294939,4852264,2101773222,2101773222,13
06/29/2022_22:29:31,5884754,0,6068605,11138597,11825930,6068605,11138597,209451492,209451492,75525402,0,294939,4852264,5147203,294939,4852264,2101773476,2101773476,15
06/29/2022_22:32:45,5884754,0,6069431,11139423,11826756,6069431,11139423,209451492,209451492,75525402,0,294939,4852264,5147203,294939,4852264,2101773476,2101773476,11
06/29/2022_22:35:58,5884754,0,6070611,11140603,11827936,6070611,11140603,209451492,209451492,75525402,0,294939,4852264,5147203,294939,4852264,2101773476,2101773476,12
06/29/2022_22:39:12,5884754,0,6071555,11141547,11828880,6071555,11141547,209451492,209451492,75525402,0,294939,4852264,5147203,294939,4852264,2101773476,2101773476,13
06/29/2022_22:42:26,5884754,0,6072853,11142845,11830178,6072853,11142845,209451492,209451492,75525402,0,294939,4852264,5147203,294939,4852264,2101773476,2101773476,13
06/29/2022_22:45:39,5885974,0,6074033,11144025,11831358,6074033,11144025,209452712,209452712,75525572,0,294939,4852264,5147203,294939,4852264,2101773646,2101773646,13
06/29/2022_22:48:53,5886183,0,6074859,11144851,11832184,6074859,11144851,209452921,209452921,75525742,0,294939,4852264,5147203,294939,4852264,2101773816,2101773816,13
06/29/2022_22:52:07,5886183,0,6076039,11146031,11833364,6076039,11146031,209452921,209452921,75525742,0,294939,4852264,5147203,294939,4852264,2101773816,2101773816,14
06/29/2022_22:55:20,5886183,0,6076865,11146857,11834190,6076865,11146857,209452921,209452921,75525742,0,294939,4852264,5147203,294939,4852264,2101773816,2101773816,13
06/29/2022_22:58:34,5886183,0,6078163,11148155,11835488,6078163,11148155,209452921,209452921,75525742,0,294939,4852264,5147203,294939,4852264,2101773816,2101773816,17
06/29/2022_23:01:47,5887403,0,6078989,11148981,11836314,6078989,11148981,209454141,209454141,75525912,0,294939,4852264,5147203,294939,4852264,2101773986,2101773986,12
06/29/2022_23:05:01,5887403,0,6080287,11150279,11837612,6080287,11150279,209454141,209454141,75525912,0,294939,4852264,5147203,294939,4852264,2101773986,2101773986,13
06/29/2022_23:08:15,5887403,0,6081113,11151105,11838438,6081113,11151105,209454141,209454141,75525912,0,294939,4852264,5147203,294939,4852264,2101773986,2101773986,16
06/29/2022_23:11:29,5887403,0,6082175,11152167,11839500,6082175,11152167,209454141,209454141,75525912,0,294939,4852264,5147203,294939,4852264,2101773986,2101773986,12
06/29/2022_23:14:42,5888623,0,6083001,11152993,11840326,6083001,11152993,209455361,209455361,75526082,0,294939,4852264,5147203,294939,4852264,2101774156,2101774156,12
06/29/2022_23:17:56,5888832,0,6084181,11154173,11841506,6084181,11154173,209455570,209455570,75526180,0,294939,4852264,5147203,294939,4852264,2101774254,2101774254,12
06/29/2022_23:21:09,5888832,0,6085479,11155471,11842804,6085479,11155471,209455570,209455570,75526180,0,294939,4852264,5147203,294939,4852264,2101774254,2101774254,14
06/29/2022_23:24:23,5888832,0,6086305,11156297,11843630,6086305,11156297,209455570,209455570,75526180,0,294939,4852264,5147203,294939,4852264,2101774254,2101774254,13
06/29/2022_23:27:37,5888832,0,6087485,11157477,11844810,6087485,11157477,209455570,209455570,75526180,0,294939,4852264,5147203,294939,4852264,2101774254,2101774254,14
06/29/2022_23:30:50,5890052,0,6088429,11158421,11845754,6088429,11158421,209456790,209456790,75526350,0,294939,4852264,5147203,294939,4852264,2101774424,2101774424,12
06/29/2022_23:34:04,5890052,0,6089727,11159719,11847052,6089727,11159719,209456790,209456790,75526350,0,294939,4852264,5147203,294939,4852264,2101774424,2101774424,14
06/29/2022_23:37:18,5890052,0,6090553,11160545,11847878,6090553,11160545,209456790,209456790,75526350,0,294939,4852264,5147203,294939,4852264,2101774424,2101774424,13
06/29/2022_23:40:31,5890052,0,6091615,11161607,11848940,6091615,11161607,209456790,209456790,75526350,0,294939,4852264,5147203,294939,4852264,2101774424,2101774424,13
06/29/2022_23:43:45,5891481,0,6092441,11162433,11849766,6092441,11162433,209458219,209458219,75526690,0,294939,4852264,5147203,294939,4852264,2101774764,2101774764,14
06/29/2022_23:46:59,5891481,0,6093621,11163613,11850946,6093621,11163613,209458219,209458219,75526690,0,294939,4852264,5147203,294939,4852264,2101774764,2101774764,12
06/29/2022_23:50:12,5891481,0,6094801,11164793,11852126,6094801,11164793,209458219,209458219,75526690,0,294939,4852264,5147203,294939,4852264,2101774764,2101774764,14
06/29/2022_23:53:26,5891481,0,6095745,11165737,11853070,6095745,11165737,209458219,209458219,75526690,0,294939,4852264,5147203,294939,4852264,2101774764,2101774764,15
06/29/2022_23:56:40,5891481,0,6096925,11166917,11854250,6096925,11166917,209458219,209458219,75526690,0,294939,4852264,5147203,294939,4852264,2101774764,2101774764,13
06/29/2022_23:59:53,5892701,0,6097869,11167861,11855194,6097869,11167861,209459439,209459439,75526860,0,294939,4852264,5147203,294939,4852264,2101774934,2101774934,12
06/30/2022_00:03:07,5892701,0,6098931,11168923,11856256,6098931,11168923,209459439,209459439,75526860,0,294939,4852264,5147203,294939,4852264,2101774934,2101774934,15
06/30/2022_00:06:20,5892701,0,6099875,11169867,11857200,6099875,11169867,209459439,209459439,75526860,0,294939,4852264,5147203,294939,4852264,2101774934,2101774934,13
06/30/2022_00:09:34,5892701,0,6101055,11171047,11858380,6101055,11171047,209459439,209459439,75526860,0,294939,4852264,5147203,294939,4852264,2101774934,2101774934,13
06/30/2022_00:12:48,5892910,0,6101999,11171991,11859324,6101999,11171991,209459648,209459648,75527030,0,294939,4852264,5147203,294939,4852264,2101775104,2101775104,11
06/30/2022_00:16:01,5894130,0,6103179,11173171,11860504,6103179,11173171,209460868,209460868,75527200,0,294939,4852264,5147203,294939,4852264,2101775274,2101775274,12
06/30/2022_00:19:15,5894130,0,6104123,11174115,11861448,6104123,11174115,209460868,209460868,75527200,0,294939,4852264,5147203,294939,4852264,2101775274,2101775274,14
06/30/2022_00:22:29,5894130,0,6105185,11175177,11862510,6105185,11175177,209460868,209460868,75527200,0,294939,4852264,5147203,294939,4852264,2101775274,2101775274,13
06/30/2022_00:25:42,5894130,0,6106365,11176357,11863690,6106365,11176357,209460868,209460868,75527200,0,294939,4852264,5147203,294939,4852264,2101775274,2101775274,13
06/30/2022_00:28:56,5895350,0,6107191,11177183,11864516,6107191,11177183,209462088,209462088,75527370,0,294939,4852264,5147203,294939,4852264,2101775444,2101775444,14
06/30/2022_00:32:09,5895350,0,6108371,11178363,11865696,6108371,11178363,209462088,209462088,75527370,0,294939,4852264,5147203,294939,4852264,2101775444,2101775444,12
06/30/2022_00:35:23,5895350,0,6109197,11179189,11866522,6109197,11179189,209462088,209462088,75527370,0,294939,4852264,5147203,294939,4852264,2101775444,2101775444,13
06/30/2022_00:38:37,5895350,0,6110495,11180487,11867820,6110495,11180487,209462088,209462088,75527370,0,294939,4852264,5147203,294939,4852264,2101775444,2101775444,15
06/30/2022_00:41:50,5895559,0,6111321,11181313,11868646,6111321,11181313,209462297,209462297,75527540,0,294939,4852264,5147203,294939,4852264,2101775614,2101775614,12
06/30/2022_00:45:04,5896779,0,6112619,11182611,11869944,6112619,11182611,209463517,209463517,75527710,0,294939,4852264,5147203,294939,4852264,2101775784,2101775784,12
06/30/2022_00:48:18,5896779,0,6113917,11183909,11871242,6113917,11183909,209463517,209463517,75527710,0,294939,4852264,5147203,294939,4852264,2101775784,2101775784,16
06/30/2022_00:51:31,5896779,0,6114743,11184735,11872068,6114743,11184735,209463517,209463517,75527710,0,294939,4852264,5147203,294939,4852264,2101775784,2101775784,13
06/30/2022_00:54:45,5896779,0,6116041,11186033,11873366,6116041,11186033,209463517,209463517,75527710,0,294939,4852264,5147203,294939,4852264,2101775784,2101775784,14
06/30/2022_00:57:59,5896779,0,6116867,11186859,11874192,6116867,11186859,209463517,209463517,75527710,0,294939,4852264,5147203,294939,4852264,2101775784,2101775784,12
06/30/2022_01:01:12,5897999,0,6118047,11188039,11875372,6118047,11188039,209464737,209464737,75527880,0,294939,4852264,5147203,294939,4852264,2101775954,2101775954,14
06/30/2022_01:04:26,5897999,0,6118991,11188983,11876316,6118991,11188983,209464737,209464737,75527880,0,294939,4852264,5147203,294939,4852264,2101775954,2101775954,14
06/30/2022_01:07:39,5898208,0,6120171,11190163,11877496,6120171,11190163,209464946,209464946,75528050,0,294939,4852264,5147203,294939,4852264,2101776124,2101776124,14
06/30/2022_01:10:53,5898208,0,6120997,11190989,11878322,6120997,11190989,209464946,209464946,75528050,0,294939,4852264,5147203,294939,4852264,2101776124,2101776124,11
06/30/2022_01:14:07,5899428,0,6122177,11192169,11879502,6122177,11192169,209466166,209466166,75528220,0,294939,4852264,5147203,294939,4852264,2101776294,2101776294,14
06/30/2022_01:17:20,5899428,0,6123121,11193113,11880446,6123121,11193113,209466166,209466166,75528220,0,294939,4852264,5147203,294939,4852264,2101776294,2101776294,13
06/30/2022_01:20:34,5899428,0,6124419,11194411,11881744,6124419,11194411,209466166,209466166,75528220,0,294939,4852264,5147203,294939,4852264,2101776294,2101776294,13
06/30/2022_01:23:48,5899428,0,6125599,11195591,11882924,6125599,11195591,209466166,209466166,75528220,0,294939,4852264,5147203,294939,4852264,2101776294,2101776294,13
06/30/2022_01:27:01,5899428,0,6126425,11196417,11883750,6126425,11196417,209466166,209466166,75528220,0,294939,4852264,5147203,294939,4852264,2101776294,2101776294,12
06/30/2022_01:30:15,5900648,0,6127723,11197715,11885048,6127723,11197715,209467386,209467386,75528390,0,294939,4852264,5147203,294939,4852264,2101776464,2101776464,13
06/30/2022_01:33:28,5900648,0,6128549,11198541,11885874,6128549,11198541,209467386,209467386,75528390,0,294939,4852264,5147203,294939,4852264,2101776464,2101776464,15
06/30/2022_01:36:42,5900857,0,6129729,11199721,11887054,6129729,11199721,209467595,209467595,75528560,0,294939,4852264,5147203,294939,4852264,2101776634,2101776634,14
06/30/2022_01:39:56,5900857,0,6130673,11200665,11887998,6130673,11200665,209467595,209467595,75528560,0,294939,4852264,5147203,294939,4852264,2101776634,2101776634,12
06/30/2022_01:43:09,5900857,0,6131853,11201845,11889178,6131853,11201845,209467595,209467595,75528560,0,294939,4852264,5147203,294939,4852264,2101776634,2101776634,14
06/30/2022_01:46:23,5902077,0,6132915,11202907,11890240,6132915,11202907,209468815,209468815,75528730,0,294939,4852264,5147203,294939,4852264,2101776804,2101776804,14
06/30/2022_01:49:36,5902077,0,6133859,11203851,11891184,6133859,11203851,209468815,209468815,75528730,0,294939,4852264,5147203,294939,4852264,2101776804,2101776804,14
06/30/2022_01:52:50,5902077,0,6135039,11205031,11892364,6135039,11205031,209468815,209468815,75528730,0,294939,4852264,5147203,294939,4852264,2101776804,2101776804,14
06/30/2022_01:56:04,5902077,0,6135865,11205857,11893190,6135865,11205857,209468815,209468815,75528730,0,294939,4852264,5147203,294939,4852264,2101776804,2101776804,12
06/30/2022_01:59:17,5903297,0,6137045,11207037,11894370,6137045,11207037,209470035,209470035,75528900,0,294939,4852264,5147203,294939,4852264,2101776974,2101776974,15
06/30/2022_02:02:31,5903297,0,6137989,11207981,11895314,6137989,11207981,209470035,209470035,75528900,0,294939,4852264,5147203,294939,4852264,2101776974,2101776974,13
06/30/2022_02:05:45,5903506,0,6139287,11209279,11896612,6139287,11209279,209470244,209470244,75528998,0,294939,4852264,5147203,294939,4852264,2101777072,2101777072,14
06/30/2022_02:08:58,5903506,0,6140231,11210223,11897556,6140231,11210223,209470244,209470244,75528998,0,294939,4852264,5147203,294939,4852264,2101777072,2101777072,11
06/30/2022_02:12:12,5903506,0,6141529,11211521,11898854,6141529,11211521,209470244,209470244,75528998,0,294939,4852264,5147203,294939,4852264,2101777072,2101777072,13
06/30/2022_02:15:26,5904727,0,6142473,11212465,11899798,6142473,11212465,209471465,209471465,75529168,0,294939,4852264,5147203,294939,4852264,2101777242,2101777242,13
06/30/2022_02:18:39,5904727,0,6143653,11213645,11900978,6143653,11213645,209471465,209471465,75529168,0,294939,4852264,5147203,294939,4852264,2101777242,2101777242,15
06/30/2022_02:21:53,5904727,0,6144479,11214471,11901804,6144479,11214471,209471465,209471465,75529168,0,294939,4852264,5147203,294939,4852264,2101777242,2101777242,12
06/30/2022_02:25:06,5904727,0,6145777,11215769,11903102,6145777,11215769,209471465,209471465,75529168,0,294939,4852264,5147203,294939,4852264,2101777242,2101777242,12
06/30/2022_02:28:20,5904727,0,6146957,11216949,11904282,6146957,11216949,209471465,209471465,75529168,0,294939,4852264,5147203,294939,4852264,2101777242,2101777242,16
06/30/2022_02:31:34,5906156,0,6147901,11217893,11905226,6147901,11217893,209472894,209472894,75529508,0,294939,4852264,5147203,294939,4852264,2101777582,2101777582,13
06/30/2022_02:34:47,5906156,0,6149081,11219073,11906406,6149081,11219073,209472894,209472894,75529508,0,294939,4852264,5147203,294939,4852264,2101777582,2101777582,14
06/30/2022_02:38:01,5906156,0,6150025,11220017,11907350,6150025,11220017,209472894,209472894,75529508,0,294939,4852264,5147203,294939,4852264,2101777582,2101777582,12
06/30/2022_02:41:14,5906156,0,6151205,11221197,11908530,6151205,11221197,209472894,209472894,75529508,0,294939,4852264,5147203,294939,4852264,2101777582,2101777582,13
06/30/2022_02:44:28,5907376,0,6152031,11222023,11909356,6152031,11222023,209474114,209474114,75529678,0,294939,4852264,5147203,294939,4852264,2101777752,2101777752,14
06/30/2022_02:47:42,5907376,0,6153211,11223203,11910536,6153211,11223203,209474114,209474114,75529678,0,294939,4852264,5147203,294939,4852264,2101777752,2101777752,13
06/30/2022_02:50:55,5907376,0,6154155,11224147,11911480,6154155,11224147,209474114,209474114,75529678,0,294939,4852264,5147203,294939,4852264,2101777752,2101777752,12
06/30/2022_02:54:09,5907376,0,6155335,11225327,11912660,6155335,11225327,209474114,209474114,75529678,0,294939,4852264,5147203,294939,4852264,2101777752,2101777752,12
06/30/2022_02:57:23,5907376,0,6156279,11226271,11913604,6156279,11226271,209474114,209474114,75529678,0,294939,4852264,5147203,294939,4852264,2101777752,2101777752,13
06/30/2022_03:00:36,5908805,0,6157459,11227451,11914784,6157459,11227451,209475543,209475543,75530018,0,294939,4852264,5147203,294939,4852264,2101778092,2101778092,13
06/30/2022_03:03:50,5908805,0,6158639,11228631,11915964,6158639,11228631,209475543,209475543,75530018,0,294939,4852264,5147203,294939,4852264,2101778092,2101778092,14
06/30/2022_03:07:04,5908805,0,6159465,11229457,11916790,6159465,11229457,209475543,209475543,75530018,0,294939,4852264,5147203,294939,4852264,2101778092,2101778092,12
06/30/2022_03:10:17,5908805,0,6160645,11230637,11917970,6160645,11230637,209475543,209475543,75530018,0,294939,4852264,5147203,294939,4852264,2101778092,2101778092,12
06/30/2022_03:13:31,5908805,0,6161471,11231463,11918796,6161471,11231463,209475543,209475543,75530018,0,294939,4852264,5147203,294939,4852264,2101778092,2101778092,15
06/30/2022_03:16:45,5910025,0,6162651,11232643,11919976,6162651,11232643,209476763,209476763,75530116,0,294939,4852264,5147203,294939,4852264,2101778190,2101778190,13
06/30/2022_03:19:58,5910025,0,6163477,11233469,11920802,6163477,11233469,209476763,209476763,75530116,0,294939,4852264,5147203,294939,4852264,2101778190,2101778190,13
06/30/2022_03:23:12,5910025,0,6164775,11234767,11922100,6164775,11234767,209476763,209476763,75530116,0,294939,4852264,5147203,294939,4852264,2101778190,2101778190,14
06/30/2022_03:26:25,5910025,0,6165719,11235711,11923044,6165719,11235711,209476763,209476763,75530116,0,294939,4852264,5147203,294939,4852264,2101778190,2101778190,13
06/30/2022_03:29:39,5911454,0,6166899,11236891,11924224,6166899,11236891,209478192,209478192,75530456,0,294939,4852264,5147203,294939,4852264,2101778530,2101778530,13
06/30/2022_03:32:53,5911454,0,6167843,11237835,11925168,6167843,11237835,209478192,209478192,75530456,0,294939,4852264,5147203,294939,4852264,2101778530,2101778530,12
06/30/2022_03:36:06,5911454,0,6169023,11239015,11926348,6169023,11239015,209478192,209478192,75530456,0,294939,4852264,5147203,294939,4852264,2101778530,2101778530,12
06/30/2022_03:39:20,5911454,0,6170321,11240313,11927646,6170321,11240313,209478192,209478192,75530456,0,294939,4852264,5147203,294939,4852264,2101778530,2101778530,13
06/30/2022_03:42:34,5911454,0,6171147,11241139,11928472,6171147,11241139,209478192,209478192,75530456,0,294939,4852264,5147203,294939,4852264,2101778530,2101778530,13
06/30/2022_03:45:47,5912674,0,6172445,11242437,11929770,6172445,11242437,209479412,209479412,75530626,0,294939,4852264,5147203,294939,4852264,2101778700,2101778700,14
06/30/2022_03:49:01,5912674,0,6173389,11243381,11930714,6173389,11243381,209479412,209479412,75530626,0,294939,4852264,5147203,294939,4852264,2101778700,2101778700,12
06/30/2022_03:52:14,5912674,0,6174569,11244561,11931894,6174569,11244561,209479412,209479412,75530626,0,294939,4852264,5147203,294939,4852264,2101778700,2101778700,13
06/30/2022_03:55:28,5912883,0,6175395,11245387,11932720,6175395,11245387,209479621,209479621,75530796,0,294939,4852264,5147203,294939,4852264,2101778870,2101778870,14
06/30/2022_03:58:42,5912883,0,6176575,11246567,11933900,6176575,11246567,209479621,209479621,75530940,0,294939,4852264,5147203,294939,4852264,2101778966,2101778966,14
06/30/2022_04:01:56,5914101,0,6177401,11247393,11934726,6177401,11247393,209480839,209480839,75531110,0,294939,4852264,5147203,294939,4852264,2101779136,2101779136,12
06/30/2022_04:05:09,5914101,0,6178581,11248573,11935906,6178581,11248573,209480839,209480839,75531110,0,294939,4852264,5147203,294939,4852264,2101779136,2101779136,13
06/30/2022_04:08:23,5914101,0,6179879,11249871,11937204,6179879,11249871,209480839,209480839,75531110,0,294939,4852264,5147203,294939,4852264,2101779136,2101779136,15
06/30/2022_04:11:37,5914101,0,6180705,11250697,11938030,6180705,11250697,209480839,209480839,75531110,0,294939,4852264,5147203,294939,4852264,2101779136,2101779136,13
06/30/2022_04:14:50,5915321,0,6181885,11251877,11939210,6181885,11251877,209482059,209482059,75531280,0,294939,4852264,5147203,294939,4852264,2101779306,2101779306,14
06/30/2022_04:18:04,5915321,0,6182711,11252703,11940036,6182711,11252703,209482059,209482059,75531280,0,294939,4852264,5147203,294939,4852264,2101779306,2101779306,12
06/30/2022_04:21:17,5915321,0,6184009,11254001,11941334,6184009,11254001,209482059,209482059,75531280,0,294939,4852264,5147203,294939,4852264,2101779306,2101779306,13
06/30/2022_04:24:31,5915530,0,6184835,11254827,11942160,6184835,11254827,209482268,209482268,75531450,0,294939,4852264,5147203,294939,4852264,2101779476,2101779476,13
06/30/2022_04:27:45,5915530,0,6186133,11256125,11943458,6186133,11256125,209482268,209482268,75531450,0,294939,4852264,5147203,294939,4852264,2101779476,2101779476,14
06/30/2022_04:30:58,5916750,0,6186959,11256951,11944284,6186959,11256951,209483488,209483488,75531620,0,294939,4852264,5147203,294939,4852264,2101779646,2101779646,12
06/30/2022_04:34:12,5916750,0,6188139,11258131,11945464,6188139,11258131,209483488,209483488,75531620,0,294939,4852264,5147203,294939,4852264,2101779646,2101779646,12
06/30/2022_04:37:25,5916750,0,6189083,11259075,11946408,6189083,11259075,209483488,209483488,75531620,0,294939,4852264,5147203,294939,4852264,2101779646,2101779646,14
06/30/2022_04:40:39,5916750,0,6190263,11260255,11947588,6190263,11260255,209483488,209483488,75531620,0,294939,4852264,5147203,294939,4852264,2101779646,2101779646,14
06/30/2022_04:43:53,5918054,0,6191443,11261435,11948768,6191443,11261435,209484792,209484792,75531888,0,294939,4852264,5147203,294939,4852264,2101779914,2101779914,15
06/30/2022_04:47:06,5918054,0,6192269,11262261,11949594,6192269,11262261,209484792,209484792,75531888,0,294939,4852264,5147203,294939,4852264,2101779914,2101779914,11
06/30/2022_04:50:20,5918054,0,6193449,11263441,11950774,6193449,11263441,209484792,209484792,75531888,0,294939,4852264,5147203,294939,4852264,2101779914,2101779914,13
06/30/2022_04:53:33,5918263,0,6194393,11264385,11951718,6194393,11264385,209485001,209485001,75532058,0,294939,4852264,5147203,294939,4852264,2101780084,2101780084,15
06/30/2022_04:56:47,5918263,0,6195573,11265565,11952898,6195573,11265565,209485001,209485001,75532058,0,294939,4852264,5147203,294939,4852264,2101780084,2101780084,13
06/30/2022_05:00:01,5919483,0,6196399,11266391,11953724,6196399,11266391,209486221,209486221,75532228,0,294939,4852264,5147203,294939,4852264,2101780254,2101780254,12
06/30/2022_05:03:14,5919483,0,6197697,11267689,11955022,6197697,11267689,209486221,209486221,75532228,0,294939,4852264,5147203,294939,4852264,2101780254,2101780254,14
06/30/2022_05:06:28,5919483,0,6198877,11268869,11956202,6198877,11268869,209486221,209486221,75532228,0,294939,4852264,5147203,294939,4852264,2101780254,2101780254,13
06/30/2022_05:09:41,5919483,0,6199821,11269813,11957146,6199821,11269813,209486221,209486221,75532228,0,294939,4852264,5147203,294939,4852264,2101780254,2101780254,13
06/30/2022_05:12:55,5919483,0,6201001,11270993,11958326,6201001,11270993,209486221,209486221,75532228,0,294939,4852264,5147203,294939,4852264,2101780254,2101780254,14
06/30/2022_05:16:09,5920703,0,6201827,11271819,11959152,6201827,11271819,209487441,209487441,75532398,0,294939,4852264,5147203,294939,4852264,2101780424,2101780424,12
06/30/2022_05:19:22,5920703,0,6203125,11273117,11960450,6203125,11273117,209487441,209487441,75532398,0,294939,4852264,5147203,294939,4852264,2101780424,2101780424,13
06/30/2022_05:22:36,5920912,0,6203951,11273943,11961276,6203951,11273943,209487650,209487650,75532568,0,294939,4852264,5147203,294939,4852264,2101780594,2101780594,13
06/30/2022_05:25:50,5920912,0,6205249,11275241,11962574,6205249,11275241,209487650,209487650,75532568,0,294939,4852264,5147203,294939,4852264,2101780594,2101780594,14
06/30/2022_05:29:03,5922132,0,6206075,11276067,11963400,6206075,11276067,209488870,209488870,75532738,0,294939,4852264,5147203,294939,4852264,2101780764,2101780764,13
06/30/2022_05:32:17,5922132,0,6207255,11277247,11964580,6207255,11277247,209488870,209488870,75532738,0,294939,4852264,5147203,294939,4852264,2101780764,2101780764,12
06/30/2022_05:35:31,5922132,0,6208199,11278191,11965524,6208199,11278191,209488870,209488870,75532738,0,294939,4852264,5147203,294939,4852264,2101780764,2101780764,14
06/30/2022_05:38:44,5922132,0,6209379,11279371,11966704,6209379,11279371,209488870,209488870,75532738,0,294939,4852264,5147203,294939,4852264,2101780764,2101780764,13
06/30/2022_05:41:58,5922132,0,6210559,11280551,11967884,6210559,11280551,209488870,209488870,75532738,0,294939,4852264,5147203,294939,4852264,2101780764,2101780764,14
06/30/2022_05:45:11,5923352,0,6211503,11281495,11968828,6211503,11281495,209490090,209490090,75532908,0,294939,4852264,5147203,294939,4852264,2101780934,2101780934,12
06/30/2022_05:48:25,5923645,0,6212683,11282675,11970008,6212683,11282675,209490383,209490383,75533176,0,294939,4852264,5147203,294939,4852264,2101781202,2101781202,15
06/30/2022_05:51:39,5923645,0,6213627,11283619,11970952,6213627,11283619,209490383,209490383,75533176,0,294939,4852264,5147203,294939,4852264,2101781202,2101781202,13
06/30/2022_05:54:52,5923645,0,6214807,11284799,11972132,6214807,11284799,209490383,209490383,75533176,0,294939,4852264,5147203,294939,4852264,2101781202,2101781202,14
06/30/2022_05:58:06,5923645,0,6215751,11285743,11973076,6215751,11285743,209490383,209490383,75533176,0,294939,4852264,5147203,294939,4852264,2101781202,2101781202,12
06/30/2022_06:01:20,5924865,0,6217049,11287041,11974374,6217049,11287041,209491603,209491603,75533346,0,294939,4852264,5147203,294939,4852264,2101781372,2101781372,13
06/30/2022_06:04:33,5924865,0,6217875,11287867,11975200,6217875,11287867,209491603,209491603,75533346,0,294939,4852264,5147203,294939,4852264,2101781372,2101781372,12
06/30/2022_06:07:47,5924865,0,6218937,11288929,11976262,6218937,11288929,209491603,209491603,75533346,0,294939,4852264,5147203,294939,4852264,2101781372,2101781372,13
06/30/2022_06:11:01,5924865,0,6219763,11289755,11977088,6219763,11289755,209491603,209491603,75533346,0,294939,4852264,5147203,294939,4852264,2101781372,2101781372,14
06/30/2022_06:14:14,5926085,0,6221061,11291053,11978386,6221061,11291053,209492823,209492823,75533516,0,294939,4852264,5147203,294939,4852264,2101781542,2101781542,12
06/30/2022_06:17:28,5926294,0,6222241,11292233,11979566,6222241,11292233,209493032,209493032,75533614,0,294939,4852264,5147203,294939,4852264,2101781640,2101781640,13
06/30/2022_06:20:42,5926294,0,6223185,11293177,11980510,6223185,11293177,209493032,209493032,75533614,0,294939,4852264,5147203,294939,4852264,2101781640,2101781640,14
06/30/2022_06:23:55,5926294,0,6224365,11294357,11981690,6224365,11294357,209493032,209493032,75533614,0,294939,4852264,5147203,294939,4852264,2101781640,2101781640,14
06/30/2022_06:27:09,5926294,0,6225309,11295301,11982634,6225309,11295301,209493032,209493032,75533614,0,294939,4852264,5147203,294939,4852264,2101781640,2101781640,12
06/30/2022_06:30:22,5927515,0,6226489,11296481,11983814,6226489,11296481,209494253,209494253,75533784,0,294939,4852264,5147203,294939,4852264,2101781810,2101781810,13
06/30/2022_06:33:36,5927515,0,6227433,11297425,11984758,6227433,11297425,209494253,209494253,75533784,0,294939,4852264,5147203,294939,4852264,2101781810,2101781810,15
06/30/2022_06:36:50,5927515,0,6228613,11298605,11985938,6228613,11298605,209494253,209494253,75533784,0,294939,4852264,5147203,294939,4852264,2101781810,2101781810,14
06/30/2022_06:40:03,5927515,0,6229557,11299549,11986882,6229557,11299549,209494253,209494253,75533784,0,294939,4852264,5147203,294939,4852264,2101781810,2101781810,13
06/30/2022_06:43:17,5927515,0,6230737,11300729,11988062,6230737,11300729,209494253,209494253,75533784,0,294939,4852264,5147203,294939,4852264,2101781810,2101781810,14
06/30/2022_06:46:31,5928946,0,6231917,11301909,11989242,6231917,11301909,209495684,209495684,75534124,0,294939,4852264,5147203,294939,4852264,2101782150,2101782150,13
06/30/2022_06:49:44,5928946,0,6232743,11302735,11990068,6232743,11302735,209495684,209495684,75534124,0,294939,4852264,5147203,294939,4852264,2101782150,2101782150,13
06/30/2022_06:52:58,5928946,0,6234041,11304033,11991366,6234041,11304033,209495684,209495684,75534124,0,294939,4852264,5147203,294939,4852264,2101782150,2101782150,14
06/30/2022_06:56:12,5928946,0,6234867,11304859,11992192,6234867,11304859,209495684,209495684,75534124,0,294939,4852264,5147203,294939,4852264,2101782150,2101782150,13
06/30/2022_06:59:25,5930166,0,6236165,11306157,11993490,6236165,11306157,209496904,209496904,75534294,0,294939,4852264,5147203,294939,4852264,2101782320,2101782320,13
06/30/2022_07:02:39,5930166,0,6236873,11306865,11994198,6236873,11306865,209496904,209496904,75534294,0,294939,4852264,5147203,294939,4852264,2101782320,2101782320,13
06/30/2022_07:05:53,5930166,0,6238053,11308045,11995378,6238053,11308045,209496904,209496904,75534294,0,294939,4852264,5147203,294939,4852264,2101782320,2101782320,12
06/30/2022_07:09:06,5930166,0,6238879,11308871,11996204,6238879,11308871,209496904,209496904,75534294,0,294939,4852264,5147203,294939,4852264,2101782320,2101782320,13
06/30/2022_07:12:20,5930375,0,6240177,11310169,11997502,6240177,11310169,209497113,209497113,75534464,0,294939,4852264,5147203,294939,4852264,2101782490,2101782490,12
