TIME,FREE_MEM,PID,RSS,OOM_SCORE,OOM_SCORE_ADJ,OOM_ADJ,CMD,CLIENT_COUNT,USB(RNDIS)
06/29/2022_13:56:20,559,262,1044,0,-1000,-17,udevd,0,0
06/29/2022_13:56:20,559,287,872,0,-1000,-17,udevd,0,0
06/29/2022_13:56:20,559,288,776,0,-1000,-17,udevd,0,0
06/29/2022_13:56:20,559,318,776,0,0,0,syslogd,0,0
06/29/2022_13:56:20,559,523,2368,3,0,0,ipacm_perf,0,0
06/29/2022_13:56:20,559,527,300,0,0,0,init_mss,0,0
06/29/2022_13:56:20,559,534,3624,4,0,0,ipacm,0,0
06/29/2022_13:56:20,559,558,1668,2,0,0,ipacmdiag,0,0
06/29/2022_13:56:20,559,572,1532,1,0,0,port_bridge,0,0
06/29/2022_13:56:20,559,584,4868,6,0,0,netmgrd,0,0
06/29/2022_13:56:20,559,591,1168,1,0,0,tftp_server,0,0
06/29/2022_13:56:20,559,680,228,0,0,0,qrtr-ns,0,0
06/29/2022_13:56:20,559,695,2396,3,0,0,qti,0,0
06/29/2022_13:56:20,559,711,328,0,0,0,rngd,0,0
06/29/2022_13:56:20,559,765,1012,1,0,0,syslogd_monitor,0,0
06/29/2022_13:56:20,559,783,596,0,0,0,mifi_debugd,0,0
06/29/2022_13:56:20,559,799,1384,1,0,0,msgbusd,0,0
06/29/2022_13:56:20,559,837,5536,6,0,0,settingsd,0,0
06/29/2022_13:56:20,559,838,3212,4,0,0,dsmd,0,0
06/29/2022_13:56:20,559,848,1680,2,0,0,mifi_healthd,0,0
06/29/2022_13:56:20,559,943,796,1,0,0,nvtl_mem_diag.s,0,0
06/29/2022_13:56:20,559,986,1624,2,0,0,mifi_watchdogd,0,0
06/29/2022_13:56:20,559,1093,2908,3,0,0,router2d,0,0
06/29/2022_13:56:20,559,1094,2708,3,0,0,usbd,0,0
06/29/2022_13:56:20,559,1099,1684,2,0,0,wan_mgrd,0,0
06/29/2022_13:56:20,559,1106,1292,1,0,0,devuid,0,0
06/29/2022_13:56:20,559,1185,3276,4,0,0,ansd,0,0
06/29/2022_13:56:20,559,1237,2316,2,0,0,wifid,0,0
06/29/2022_13:56:20,559,1257,4464,5,0,0,powersaved,0,0
06/29/2022_13:56:20,559,1274,4012,5,0,0,factory_resetd,0,0
06/29/2022_13:56:20,559,1302,3060,3,0,0,fotad,0,0
06/29/2022_13:56:20,559,1314,5920,7,0,0,modem2d,0,0
06/29/2022_13:56:20,559,1315,3680,4,0,0,duad,0,0
06/29/2022_13:56:20,559,1333,2504,3,0,0,sim_mgrd,0,0
06/29/2022_13:56:20,559,1345,2296,2,0,0,ccm2d,0,0
06/29/2022_13:56:20,559,1355,1900,2,0,0,adbd,0,0
06/29/2022_13:56:20,559,1384,2980,3,0,0,gpsd,0,0
06/29/2022_13:56:20,559,1413,2444,3,0,0,smsd,0,0
06/29/2022_13:56:20,559,1445,6628,8,0,0,dmdbd,0,0
06/29/2022_13:56:20,559,1480,1784,2,0,0,vpnd,0,0
06/29/2022_13:56:20,559,1506,3252,4,0,0,ledd,0,0
06/29/2022_13:56:20,559,1507,1412,1,0,0,diag_read,0,0
06/29/2022_13:56:20,559,1666,4700,5,0,0,nua_timer_watch,0,0
06/29/2022_13:56:20,559,1686,13m,17,0,0,deviceagentd,0,0
06/29/2022_13:56:20,559,1687,2120,2,0,0,emd,0,0
06/29/2022_13:56:20,559,1748,5524,6,0,0,cloud_engined,0,0
06/29/2022_13:56:20,559,1763,4772,6,0,0,nuad,0,0
06/29/2022_13:56:20,559,1793,6356,8,0,0,webuid,0,0
06/29/2022_13:56:20,559,1891,2296,2,0,0,lighttpd,0,0
06/29/2022_13:56:20,559,1892,4576,5,0,0,sysser.fcgi,0,0
06/29/2022_13:56:20,559,1893,5736,7,0,0,restapi.fcgi,0,0
06/29/2022_13:56:20,559,1911,2260,2,0,0,qmuxbridge,0,0
06/29/2022_13:56:20,559,1912,616,0,0,0,getty,0,0
06/29/2022_13:56:20,559,1941,3288,4,0,0,hostapd,0,0
06/29/2022_13:56:20,559,1960,3276,4,0,0,hostapd,0,0
06/29/2022_13:56:20,559,2337,2988,3,0,0,dhcpd,0,0
06/29/2022_13:56:20,559,3537,516,0,0,0,radvd,0,0
06/29/2022_13:56:20,559,3540,328,0,0,0,radvd,0,0
06/29/2022_13:56:20,559,3560,1848,2,0,0,dhcpd6,0,0
06/29/2022_13:56:20,559,3609,792,1,0,0,dnsmasq,0,0
06/29/2022_13:56:20,559,12643,408,0,0,0,sleep,0,0
06/29/2022_13:56:20,559,12655,620,0,0,0,ps,0,0
06/29/2022_13:56:20,559,12656,568,0,0,0,awk,0,0
06/29/2022_13:59:33,559,838,3216,4,0,0,dsmd,0,0
06/29/2022_13:59:33,559,13470,408,0,0,0,sleep,0,0
06/29/2022_13:59:33,559,13495,620,0,0,0,ps,0,0
06/29/2022_13:59:33,559,13496,568,0,0,0,awk,0,0
06/29/2022_14:02:47,559,14329,408,0,0,0,sleep,0,0
06/29/2022_14:02:47,559,14360,620,0,0,0,ps,0,0
06/29/2022_14:02:47,559,14361,568,0,0,0,awk,0,0
06/29/2022_14:06:00,559,15201,408,0,0,0,sleep,0,0
06/29/2022_14:06:00,559,15222,620,0,0,0,ps,0,0
06/29/2022_14:06:00,559,15223,568,0,0,0,awk,0,0
06/29/2022_14:09:14,559,16069,408,0,0,0,sleep,0,0
06/29/2022_14:09:14,559,16081,620,0,0,0,ps,0,0
06/29/2022_14:09:14,559,16082,568,0,0,0,awk,0,0
06/29/2022_14:12:28,559,765,1016,1,0,0,syslogd_monitor,0,0
06/29/2022_14:12:28,559,16923,408,0,0,0,sleep,0,0
06/29/2022_14:12:28,559,16948,620,0,0,0,ps,0,0
06/29/2022_14:12:28,559,16949,568,0,0,0,awk,0,0
06/29/2022_14:15:41,559,17777,408,0,0,0,sleep,0,0
06/29/2022_14:15:41,559,17808,620,0,0,0,ps,0,0
06/29/2022_14:15:41,559,17809,568,0,0,0,awk,0,0
06/29/2022_14:18:55,559,18665,408,0,0,0,sleep,0,0
06/29/2022_14:18:55,559,18677,620,0,0,0,ps,0,0
06/29/2022_14:18:55,559,18678,568,0,0,0,awk,0,0
06/29/2022_14:22:09,559,19518,408,0,0,0,sleep,0,0
06/29/2022_14:22:09,559,19536,620,0,0,0,ps,0,0
06/29/2022_14:22:09,559,19537,568,0,0,0,awk,0,0
06/29/2022_14:25:22,559,20389,408,0,0,0,sleep,0,0
06/29/2022_14:25:22,559,20408,620,0,0,0,ps,0,0
06/29/2022_14:25:22,559,20409,568,0,0,0,awk,0,0
06/29/2022_14:28:36,559,21245,408,0,0,0,sleep,0,0
06/29/2022_14:28:36,559,21270,620,0,0,0,ps,0,0
06/29/2022_14:28:36,559,21271,568,0,0,0,awk,0,0
06/29/2022_14:31:50,559,22101,408,0,0,0,sleep,0,0
06/29/2022_14:31:50,559,22132,620,0,0,0,ps,0,0
06/29/2022_14:31:50,559,22133,568,0,0,0,awk,0,0
06/29/2022_14:35:03,559,22988,408,0,0,0,sleep,0,0
06/29/2022_14:35:03,559,23006,620,0,0,0,ps,0,0
06/29/2022_14:35:03,559,23007,568,0,0,0,awk,0,0
06/29/2022_14:38:17,559,23853,408,0,0,0,sleep,0,0
06/29/2022_14:38:17,559,23865,620,0,0,0,ps,0,0
06/29/2022_14:38:17,559,23866,568,0,0,0,awk,0,0
06/29/2022_14:41:31,559,24706,408,0,0,0,sleep,0,0
06/29/2022_14:41:31,559,24725,620,0,0,0,ps,0,0
06/29/2022_14:41:31,559,24726,568,0,0,0,awk,0,0
06/29/2022_14:44:44,559,25553,408,0,0,0,sleep,0,0
06/29/2022_14:44:44,559,25584,620,0,0,0,ps,0,0
06/29/2022_14:44:44,559,25585,568,0,0,0,awk,0,0
06/29/2022_14:47:58,559,26442,408,0,0,0,sleep,0,0
06/29/2022_14:47:58,559,26460,620,0,0,0,ps,0,0
06/29/2022_14:47:58,559,26461,568,0,0,0,awk,0,0
06/29/2022_14:51:12,559,27292,408,0,0,0,sleep,0,0
06/29/2022_14:51:12,559,27316,620,0,0,0,ps,0,0
06/29/2022_14:51:12,559,27317,568,0,0,0,awk,0,0
06/29/2022_14:54:25,559,28162,408,0,0,0,sleep,0,0
06/29/2022_14:54:25,559,28181,620,0,0,0,ps,0,0
06/29/2022_14:54:25,559,28182,568,0,0,0,awk,0,0
06/29/2022_14:57:39,559,29018,408,0,0,0,sleep,0,0
06/29/2022_14:57:39,559,29043,620,0,0,0,ps,0,0
06/29/2022_14:57:39,559,29044,568,0,0,0,awk,0,0
06/29/2022_15:00:53,559,1314,5924,7,0,0,modem2d,0,0
06/29/2022_15:00:53,559,29874,408,0,0,0,sleep,0,0
06/29/2022_15:00:53,559,29911,620,0,0,0,ps,0,0
06/29/2022_15:00:53,559,29912,568,0,0,0,awk,0,0
06/29/2022_15:04:06,559,30759,408,0,0,0,sleep,0,0
06/29/2022_15:04:06,559,30780,620,0,0,0,ps,0,0
06/29/2022_15:04:06,559,30781,568,0,0,0,awk,0,0
06/29/2022_15:07:20,559,31627,408,0,0,0,sleep,0,0
06/29/2022_15:07:20,559,31639,620,0,0,0,ps,0,0
06/29/2022_15:07:20,559,31640,568,0,0,0,awk,0,0
06/29/2022_15:10:34,559,32477,408,0,0,0,sleep,0,0
06/29/2022_15:10:34,559,32499,620,0,0,0,ps,0,0
06/29/2022_15:10:34,559,32500,568,0,0,0,awk,0,0
06/29/2022_15:13:47,560,988,408,0,0,0,sleep,0,0
06/29/2022_15:13:47,560,1021,620,0,0,0,ps,0,0
06/29/2022_15:13:47,560,1022,568,0,0,0,awk,0,0
06/29/2022_15:17:01,559,1999,408,0,0,0,sleep,0,0
06/29/2022_15:17:01,559,2012,620,0,0,0,ps,0,0
06/29/2022_15:17:01,559,2013,568,0,0,0,awk,0,0
06/29/2022_15:20:14,559,2856,408,0,0,0,sleep,0,0
06/29/2022_15:20:14,559,2874,620,0,0,0,ps,0,0
06/29/2022_15:20:14,559,2875,568,0,0,0,awk,0,0
06/29/2022_15:23:28,559,3739,408,0,0,0,sleep,0,0
06/29/2022_15:23:28,559,3758,620,0,0,0,ps,0,0
06/29/2022_15:23:28,559,3759,568,0,0,0,awk,0,0
06/29/2022_15:26:42,559,4585,408,0,0,0,sleep,0,0
06/29/2022_15:26:42,559,4616,620,0,0,0,ps,0,0
06/29/2022_15:26:42,559,4617,568,0,0,0,awk,0,0
06/29/2022_15:29:55,559,5441,408,0,0,0,sleep,0,0
06/29/2022_15:29:55,559,5478,620,0,0,0,ps,0,0
06/29/2022_15:29:55,559,5479,568,0,0,0,awk,0,0
06/29/2022_15:33:09,559,6325,408,0,0,0,sleep,0,0
06/29/2022_15:33:09,559,6343,620,0,0,0,ps,0,0
06/29/2022_15:33:09,559,6344,568,0,0,0,awk,0,0
06/29/2022_15:36:23,559,7193,408,0,0,0,sleep,0,0
06/29/2022_15:36:23,559,7211,620,0,0,0,ps,0,0
06/29/2022_15:36:23,559,7212,568,0,0,0,awk,0,0
06/29/2022_15:39:36,559,8043,408,0,0,0,sleep,0,0
06/29/2022_15:39:36,559,8071,620,0,0,0,ps,0,0
06/29/2022_15:39:36,559,8072,568,0,0,0,awk,0,0
06/29/2022_15:42:50,559,8897,408,0,0,0,sleep,0,0
06/29/2022_15:42:50,559,8928,620,0,0,0,ps,0,0
06/29/2022_15:42:50,559,8929,568,0,0,0,awk,0,0
06/29/2022_15:46:03,559,9782,408,0,0,0,sleep,0,0
06/29/2022_15:46:03,559,9794,620,0,0,0,ps,0,0
06/29/2022_15:46:03,559,9795,568,0,0,0,awk,0,0
06/29/2022_15:49:17,559,10639,408,0,0,0,sleep,0,0
06/29/2022_15:49:17,559,10663,620,0,0,0,ps,0,0
06/29/2022_15:49:17,559,10664,568,0,0,0,awk,0,0
06/29/2022_15:52:31,559,11514,408,0,0,0,sleep,0,0
06/29/2022_15:52:31,559,11533,620,0,0,0,ps,0,0
06/29/2022_15:52:31,559,11534,568,0,0,0,awk,0,0
06/29/2022_15:55:44,559,12370,408,0,0,0,sleep,0,0
06/29/2022_15:55:44,559,12395,620,0,0,0,ps,0,0
06/29/2022_15:55:44,559,12396,568,0,0,0,awk,0,0
06/29/2022_15:58:58,559,13226,408,0,0,0,sleep,0,0
06/29/2022_15:58:58,559,13262,620,0,0,0,ps,0,0
06/29/2022_15:58:58,559,13263,568,0,0,0,awk,0,0
06/29/2022_16:02:12,559,14114,408,0,0,0,sleep,0,0
06/29/2022_16:02:12,559,14132,620,0,0,0,ps,0,0
06/29/2022_16:02:12,559,14133,568,0,0,0,awk,0,0
06/29/2022_16:05:25,559,14988,408,0,0,0,sleep,0,0
06/29/2022_16:05:25,559,15000,620,0,0,0,ps,0,0
06/29/2022_16:05:25,559,15001,568,0,0,0,awk,0,0
06/29/2022_16:08:39,559,15832,408,0,0,0,sleep,0,0
06/29/2022_16:08:39,559,15860,620,0,0,0,ps,0,0
06/29/2022_16:08:39,559,15861,568,0,0,0,awk,0,0
06/29/2022_16:11:53,559,16687,408,0,0,0,sleep,0,0
06/29/2022_16:11:53,559,16718,620,0,0,0,ps,0,0
06/29/2022_16:11:53,559,16719,568,0,0,0,awk,0,0
06/29/2022_16:15:06,559,17571,408,0,0,0,sleep,0,0
06/29/2022_16:15:06,559,17589,620,0,0,0,ps,0,0
06/29/2022_16:15:06,559,17590,568,0,0,0,awk,0,0
06/29/2022_16:18:20,559,18429,408,0,0,0,sleep,0,0
06/29/2022_16:18:20,559,18453,620,0,0,0,ps,0,0
06/29/2022_16:18:20,559,18454,568,0,0,0,awk,0,0
06/29/2022_16:21:34,559,19303,408,0,0,0,sleep,0,0
06/29/2022_16:21:34,559,19322,620,0,0,0,ps,0,0
06/29/2022_16:21:34,559,19323,568,0,0,0,awk,0,0
06/29/2022_16:24:47,559,20153,408,0,0,0,sleep,0,0
06/29/2022_16:24:47,559,20184,620,0,0,0,ps,0,0
06/29/2022_16:24:47,559,20185,568,0,0,0,awk,0,0
06/29/2022_16:28:01,559,21007,408,0,0,0,sleep,0,0
06/29/2022_16:28:01,559,21045,620,0,0,0,ps,0,0
06/29/2022_16:28:01,559,21046,568,0,0,0,awk,0,0
06/29/2022_16:31:15,559,21888,408,0,0,0,sleep,0,0
06/29/2022_16:31:15,559,21906,620,0,0,0,ps,0,0
06/29/2022_16:31:15,559,21907,568,0,0,0,awk,0,0
06/29/2022_16:34:28,559,22762,408,0,0,0,sleep,0,0
06/29/2022_16:34:28,559,22774,620,0,0,0,ps,0,0
06/29/2022_16:34:28,559,22775,568,0,0,0,awk,0,0
06/29/2022_16:37:42,559,23612,408,0,0,0,sleep,0,0
06/29/2022_16:37:42,559,23640,620,0,0,0,ps,0,0
06/29/2022_16:37:42,559,23641,568,0,0,0,awk,0,0
06/29/2022_16:40:56,559,765,1020,1,0,0,syslogd_monitor,0,0
06/29/2022_16:40:56,559,24466,408,0,0,0,sleep,0,0
06/29/2022_16:40:56,559,24497,620,0,0,0,ps,0,0
06/29/2022_16:40:56,559,24498,568,0,0,0,awk,0,0
06/29/2022_16:44:09,559,838,3220,4,0,0,dsmd,0,0
06/29/2022_16:44:09,559,25350,408,0,0,0,sleep,0,0
06/29/2022_16:44:09,559,25362,620,0,0,0,ps,0,0
06/29/2022_16:44:09,559,25363,568,0,0,0,awk,0,0
06/29/2022_16:47:23,558,26202,408,0,0,0,sleep,0,0
06/29/2022_16:47:23,558,26226,620,0,0,0,ps,0,0
06/29/2022_16:47:23,558,26227,568,0,0,0,awk,0,0
06/29/2022_16:50:36,558,27066,408,0,0,0,sleep,0,0
06/29/2022_16:50:36,558,27091,620,0,0,0,ps,0,0
06/29/2022_16:50:36,558,27092,568,0,0,0,awk,0,0
06/29/2022_16:53:50,559,27920,408,0,0,0,sleep,0,0
06/29/2022_16:53:50,559,27951,620,0,0,0,ps,0,0
06/29/2022_16:53:50,559,27952,568,0,0,0,awk,0,0
06/29/2022_16:57:04,559,28770,408,0,0,0,sleep,0,0
06/29/2022_16:57:04,559,28811,620,0,0,0,ps,0,0
06/29/2022_16:57:04,559,28812,568,0,0,0,awk,0,0
06/29/2022_17:00:17,559,29651,408,0,0,0,sleep,0,0
06/29/2022_17:00:17,559,29669,620,0,0,0,ps,0,0
06/29/2022_17:00:17,559,29670,568,0,0,0,awk,0,0
06/29/2022_17:03:31,559,30524,408,0,0,0,sleep,0,0
06/29/2022_17:03:31,559,30542,620,0,0,0,ps,0,0
06/29/2022_17:03:31,559,30543,568,0,0,0,awk,0,0
06/29/2022_17:06:44,559,31376,408,0,0,0,sleep,0,0
06/29/2022_17:06:44,559,31401,620,0,0,0,ps,0,0
06/29/2022_17:06:44,559,31402,568,0,0,0,awk,0,0
06/29/2022_17:09:58,559,32229,408,0,0,0,sleep,0,0
06/29/2022_17:09:58,559,32260,620,0,0,0,ps,0,0
06/29/2022_17:09:58,559,32261,568,0,0,0,awk,0,0
06/29/2022_17:13:12,559,714,408,0,0,0,sleep,0,0
06/29/2022_17:13:12,559,728,620,0,0,0,ps,0,0
06/29/2022_17:13:12,559,729,568,0,0,0,awk,0,0
06/29/2022_17:16:26,559,1728,408,0,0,0,sleep,0,0
06/29/2022_17:16:26,559,1735,620,0,0,0,ps,0,0
06/29/2022_17:16:26,559,1736,568,0,0,0,awk,0,0
06/29/2022_17:19:39,559,2623,408,0,0,0,sleep,0,0
06/29/2022_17:19:39,559,2642,620,0,0,0,ps,0,0
06/29/2022_17:19:39,559,2643,568,0,0,0,awk,0,0
06/29/2022_17:22:53,559,3480,408,0,0,0,sleep,0,0
06/29/2022_17:22:53,559,3505,620,0,0,0,ps,0,0
06/29/2022_17:22:53,559,3506,568,0,0,0,awk,0,0
06/29/2022_17:26:06,559,4368,408,0,0,0,sleep,0,0
06/29/2022_17:26:06,559,4380,620,0,0,0,ps,0,0
06/29/2022_17:26:06,559,4381,568,0,0,0,awk,0,0
06/29/2022_17:29:20,559,5215,408,0,0,0,sleep,0,0
06/29/2022_17:29:20,559,5239,620,0,0,0,ps,0,0
06/29/2022_17:29:20,559,5240,568,0,0,0,awk,0,0
06/29/2022_17:32:34,559,6088,408,0,0,0,sleep,0,0
06/29/2022_17:32:34,559,6107,620,0,0,0,ps,0,0
06/29/2022_17:32:34,559,6108,568,0,0,0,awk,0,0
06/29/2022_17:35:47,559,6939,408,0,0,0,sleep,0,0
06/29/2022_17:35:47,559,6964,620,0,0,0,ps,0,0
06/29/2022_17:35:47,559,6965,568,0,0,0,awk,0,0
06/29/2022_17:39:01,559,7792,408,0,0,0,sleep,0,0
06/29/2022_17:39:01,559,7829,620,0,0,0,ps,0,0
06/29/2022_17:39:01,559,7830,568,0,0,0,awk,0,0
06/29/2022_17:42:15,559,1314,5928,7,0,0,modem2d,0,0
06/29/2022_17:42:15,559,8676,408,0,0,0,sleep,0,0
06/29/2022_17:42:15,559,8694,620,0,0,0,ps,0,0
06/29/2022_17:42:15,559,8695,568,0,0,0,awk,0,0
06/29/2022_17:45:28,560,9552,408,0,0,0,sleep,0,0
06/29/2022_17:45:28,560,9564,620,0,0,0,ps,0,0
06/29/2022_17:45:28,560,9565,568,0,0,0,awk,0,0
06/29/2022_17:48:42,559,10412,408,0,0,0,sleep,0,0
06/29/2022_17:48:42,559,10431,620,0,0,0,ps,0,0
06/29/2022_17:48:42,559,10432,568,0,0,0,awk,0,0
06/29/2022_17:51:56,559,11262,408,0,0,0,sleep,0,0
06/29/2022_17:51:56,559,11293,620,0,0,0,ps,0,0
06/29/2022_17:51:56,559,11294,568,0,0,0,awk,0,0
06/29/2022_17:55:09,559,12144,408,0,0,0,sleep,0,0
06/29/2022_17:55:09,559,12156,620,0,0,0,ps,0,0
06/29/2022_17:55:09,559,12157,568,0,0,0,awk,0,0
06/29/2022_17:58:23,559,12995,408,0,0,0,sleep,0,0
06/29/2022_17:58:23,559,13013,620,0,0,0,ps,0,0
06/29/2022_17:58:23,559,13014,568,0,0,0,awk,0,0
06/29/2022_18:01:36,559,13866,408,0,0,0,sleep,0,0
06/29/2022_18:01:36,559,13879,620,0,0,0,ps,0,0
06/29/2022_18:01:36,559,13880,568,0,0,0,awk,0,0
06/29/2022_18:04:50,559,14722,408,0,0,0,sleep,0,0
06/29/2022_18:04:50,559,14737,572,0,0,0,sh,0,0
06/29/2022_18:04:50,559,14738,600,0,0,0,ping6,0,0
06/29/2022_18:04:50,559,14750,620,0,0,0,ps,0,0
06/29/2022_18:04:50,559,14751,568,0,0,0,awk,0,0
06/29/2022_18:08:04,559,15573,408,0,0,0,sleep,0,0
06/29/2022_18:08:04,559,15610,620,0,0,0,ps,0,0
06/29/2022_18:08:04,559,15611,568,0,0,0,awk,0,0
06/29/2022_18:11:17,559,16461,408,0,0,0,sleep,0,0
06/29/2022_18:11:17,559,16479,620,0,0,0,ps,0,0
06/29/2022_18:11:17,559,16480,568,0,0,0,awk,0,0
06/29/2022_18:14:31,559,17328,408,0,0,0,sleep,0,0
06/29/2022_18:14:31,559,17340,620,0,0,0,ps,0,0
06/29/2022_18:14:31,559,17341,568,0,0,0,awk,0,0
06/29/2022_18:17:45,559,18187,408,0,0,0,sleep,0,0
06/29/2022_18:17:45,559,18212,620,0,0,0,ps,0,0
06/29/2022_18:17:45,559,18213,568,0,0,0,awk,0,0
06/29/2022_18:20:58,559,19038,408,0,0,0,sleep,0,0
06/29/2022_18:20:58,559,19069,620,0,0,0,ps,0,0
06/29/2022_18:20:58,559,19070,568,0,0,0,awk,0,0
06/29/2022_18:24:12,559,19920,408,0,0,0,sleep,0,0
06/29/2022_18:24:12,559,19932,620,0,0,0,ps,0,0
06/29/2022_18:24:12,559,19933,568,0,0,0,awk,0,0
06/29/2022_18:27:25,558,20770,408,0,0,0,sleep,0,0
06/29/2022_18:27:25,558,20794,620,0,0,0,ps,0,0
06/29/2022_18:27:25,558,20795,568,0,0,0,awk,0,0
06/29/2022_18:30:39,558,21640,408,0,0,0,sleep,0,0
06/29/2022_18:30:39,558,21659,620,0,0,0,ps,0,0
06/29/2022_18:30:39,558,21660,568,0,0,0,awk,0,0
06/29/2022_18:33:53,559,22496,408,0,0,0,sleep,0,0
06/29/2022_18:33:53,559,22524,620,0,0,0,ps,0,0
06/29/2022_18:33:53,559,22525,568,0,0,0,awk,0,0
06/29/2022_18:37:06,559,23355,408,0,0,0,sleep,0,0
06/29/2022_18:37:06,559,23386,620,0,0,0,ps,0,0
06/29/2022_18:37:06,559,23387,568,0,0,0,awk,0,0
06/29/2022_18:40:20,559,24243,408,0,0,0,sleep,0,0
06/29/2022_18:40:20,559,24261,620,0,0,0,ps,0,0
06/29/2022_18:40:20,559,24262,568,0,0,0,awk,0,0
06/29/2022_18:43:33,559,25107,408,0,0,0,sleep,0,0
06/29/2022_18:43:33,559,25119,620,0,0,0,ps,0,0
06/29/2022_18:43:33,559,25120,568,0,0,0,awk,0,0
06/29/2022_18:46:47,559,25963,408,0,0,0,sleep,0,0
06/29/2022_18:46:47,559,25982,620,0,0,0,ps,0,0
06/29/2022_18:46:47,559,25983,568,0,0,0,awk,0,0
06/29/2022_18:50:01,559,26814,408,0,0,0,sleep,0,0
06/29/2022_18:50:01,559,26845,620,0,0,0,ps,0,0
06/29/2022_18:50:01,559,26846,568,0,0,0,awk,0,0
06/29/2022_18:53:14,559,27695,408,0,0,0,sleep,0,0
06/29/2022_18:53:14,559,27713,620,0,0,0,ps,0,0
06/29/2022_18:53:14,559,27714,568,0,0,0,awk,0,0
06/29/2022_18:56:28,559,28546,408,0,0,0,sleep,0,0
06/29/2022_18:56:28,559,28570,620,0,0,0,ps,0,0
06/29/2022_18:56:28,559,28571,568,0,0,0,awk,0,0
06/29/2022_18:59:42,559,29416,408,0,0,0,sleep,0,0
06/29/2022_18:59:42,559,29435,620,0,0,0,ps,0,0
06/29/2022_18:59:42,559,29436,568,0,0,0,awk,0,0
06/29/2022_19:02:55,559,30272,408,0,0,0,sleep,0,0
06/29/2022_19:02:55,559,30297,620,0,0,0,ps,0,0
06/29/2022_19:02:55,559,30298,568,0,0,0,awk,0,0
06/29/2022_19:06:09,559,765,1024,1,0,0,syslogd_monitor,0,0
06/29/2022_19:06:09,559,31129,408,0,0,0,sleep,0,0
06/29/2022_19:06:09,559,31166,620,0,0,0,ps,0,0
06/29/2022_19:06:09,559,31167,568,0,0,0,awk,0,0
06/29/2022_19:09:22,559,32013,408,0,0,0,sleep,0,0
06/29/2022_19:09:22,559,32034,620,0,0,0,ps,0,0
06/29/2022_19:09:22,559,32035,568,0,0,0,awk,0,0
06/29/2022_19:12:36,559,428,408,0,0,0,sleep,0,0
06/29/2022_19:12:36,559,440,620,0,0,0,ps,0,0
06/29/2022_19:12:36,559,441,568,0,0,0,awk,0,0
06/29/2022_19:15:50,559,1455,408,0,0,0,sleep,0,0
06/29/2022_19:15:50,559,1477,620,0,0,0,ps,0,0
06/29/2022_19:15:50,559,1478,568,0,0,0,awk,0,0
06/29/2022_19:19:03,559,2371,408,0,0,0,sleep,0,0
06/29/2022_19:19:03,559,2402,620,0,0,0,ps,0,0
06/29/2022_19:19:03,559,2403,568,0,0,0,awk,0,0
06/29/2022_19:22:17,558,3259,408,0,0,0,sleep,0,0
06/29/2022_19:22:17,558,3271,620,0,0,0,ps,0,0
06/29/2022_19:22:17,558,3272,568,0,0,0,awk,0,0
06/29/2022_19:25:31,558,4116,408,0,0,0,sleep,0,0
06/29/2022_19:25:31,558,4134,620,0,0,0,ps,0,0
06/29/2022_19:25:31,558,4135,568,0,0,0,awk,0,0
06/29/2022_19:28:44,559,4989,408,0,0,0,sleep,0,0
06/29/2022_19:28:44,559,5009,620,0,0,0,ps,0,0
06/29/2022_19:28:44,559,5010,568,0,0,0,awk,0,0
06/29/2022_19:31:58,559,5843,408,0,0,0,sleep,0,0
06/29/2022_19:31:58,559,5874,620,0,0,0,ps,0,0
06/29/2022_19:31:58,559,5875,568,0,0,0,awk,0,0
06/29/2022_19:35:12,559,6702,408,0,0,0,sleep,0,0
06/29/2022_19:35:12,559,6740,620,0,0,0,ps,0,0
06/29/2022_19:35:12,559,6741,568,0,0,0,awk,0,0
06/29/2022_19:38:25,559,7581,408,0,0,0,sleep,0,0
06/29/2022_19:38:25,559,7599,620,0,0,0,ps,0,0
06/29/2022_19:38:25,559,7600,568,0,0,0,awk,0,0
06/29/2022_19:41:39,559,8448,408,0,0,0,sleep,0,0
06/29/2022_19:41:39,559,8466,620,0,0,0,ps,0,0
06/29/2022_19:41:39,559,8467,568,0,0,0,awk,0,0
06/29/2022_19:44:53,559,9302,408,0,0,0,sleep,0,0
06/29/2022_19:44:53,559,9330,620,0,0,0,ps,0,0
06/29/2022_19:44:53,559,9331,568,0,0,0,awk,0,0
06/29/2022_19:48:06,559,10162,408,0,0,0,sleep,0,0
06/29/2022_19:48:06,559,10193,620,0,0,0,ps,0,0
06/29/2022_19:48:06,559,10194,568,0,0,0,awk,0,0
06/29/2022_19:51:20,559,11043,408,0,0,0,sleep,0,0
06/29/2022_19:51:20,559,11055,620,0,0,0,ps,0,0
06/29/2022_19:51:20,559,11056,568,0,0,0,awk,0,0
06/29/2022_19:54:33,559,11893,408,0,0,0,sleep,0,0
06/29/2022_19:54:33,559,11918,620,0,0,0,ps,0,0
06/29/2022_19:54:33,559,11919,568,0,0,0,awk,0,0
06/29/2022_19:57:47,559,12762,408,0,0,0,sleep,0,0
06/29/2022_19:57:47,559,12781,620,0,0,0,ps,0,0
06/29/2022_19:57:47,559,12782,568,0,0,0,awk,0,0
06/29/2022_20:01:01,559,838,3224,4,0,0,dsmd,0,0
06/29/2022_20:01:01,559,13617,408,0,0,0,sleep,0,0
06/29/2022_20:01:01,559,13642,620,0,0,0,ps,0,0
06/29/2022_20:01:01,559,13643,568,0,0,0,awk,0,0
06/29/2022_20:04:14,559,14476,408,0,0,0,sleep,0,0
06/29/2022_20:04:14,559,14508,620,0,0,0,ps,0,0
06/29/2022_20:04:14,559,14509,568,0,0,0,awk,0,0
06/29/2022_20:07:28,559,15354,408,0,0,0,sleep,0,0
06/29/2022_20:07:28,559,15372,620,0,0,0,ps,0,0
06/29/2022_20:07:28,559,15373,568,0,0,0,awk,0,0
06/29/2022_20:10:42,559,16217,408,0,0,0,sleep,0,0
06/29/2022_20:10:42,559,16235,620,0,0,0,ps,0,0
06/29/2022_20:10:42,559,16236,568,0,0,0,awk,0,0
06/29/2022_20:13:55,559,17069,408,0,0,0,sleep,0,0
06/29/2022_20:13:55,559,17099,620,0,0,0,ps,0,0
06/29/2022_20:13:55,559,17100,568,0,0,0,awk,0,0
06/29/2022_20:17:09,558,17931,408,0,0,0,sleep,0,0
06/29/2022_20:17:09,558,17968,620,0,0,0,ps,0,0
06/29/2022_20:17:09,558,17969,568,0,0,0,awk,0,0
06/29/2022_20:20:23,559,18816,408,0,0,0,sleep,0,0
06/29/2022_20:20:23,559,18834,620,0,0,0,ps,0,0
06/29/2022_20:20:23,559,18835,568,0,0,0,awk,0,0
06/29/2022_20:23:36,559,19666,408,0,0,0,sleep,0,0
06/29/2022_20:23:36,559,19690,620,0,0,0,ps,0,0
06/29/2022_20:23:36,559,19691,568,0,0,0,awk,0,0
06/29/2022_20:26:50,559,20534,408,0,0,0,sleep,0,0
06/29/2022_20:26:50,559,20553,620,0,0,0,ps,0,0
06/29/2022_20:26:50,559,20554,568,0,0,0,awk,0,0
06/29/2022_20:30:04,559,21387,408,0,0,0,sleep,0,0
06/29/2022_20:30:04,559,21418,620,0,0,0,ps,0,0
06/29/2022_20:30:04,559,21419,568,0,0,0,awk,0,0
06/29/2022_20:33:17,559,22247,408,0,0,0,sleep,0,0
06/29/2022_20:33:17,559,22285,620,0,0,0,ps,0,0
06/29/2022_20:33:17,559,22286,568,0,0,0,awk,0,0
06/29/2022_20:36:31,559,23125,408,0,0,0,sleep,0,0
06/29/2022_20:36:31,559,23143,620,0,0,0,ps,0,0
06/29/2022_20:36:31,559,23144,568,0,0,0,awk,0,0
06/29/2022_20:39:45,559,23993,408,0,0,0,sleep,0,0
06/29/2022_20:39:45,559,24006,620,0,0,0,ps,0,0
06/29/2022_20:39:45,559,24007,568,0,0,0,awk,0,0
06/29/2022_20:42:58,559,24843,408,0,0,0,sleep,0,0
06/29/2022_20:42:58,559,24871,620,0,0,0,ps,0,0
06/29/2022_20:42:58,559,24872,568,0,0,0,awk,0,0
06/29/2022_20:46:12,559,25700,408,0,0,0,sleep,0,0
06/29/2022_20:46:12,559,25731,620,0,0,0,ps,0,0
06/29/2022_20:46:12,559,25732,568,0,0,0,awk,0,0
06/29/2022_20:49:26,559,26588,408,0,0,0,sleep,0,0
06/29/2022_20:49:26,559,26600,620,0,0,0,ps,0,0
06/29/2022_20:49:26,559,26601,568,0,0,0,awk,0,0
06/29/2022_20:52:39,559,27432,408,0,0,0,sleep,0,0
06/29/2022_20:52:39,559,27456,620,0,0,0,ps,0,0
06/29/2022_20:52:39,559,27457,568,0,0,0,awk,0,0
06/29/2022_20:55:53,559,1314,5932,7,0,0,modem2d,0,0
06/29/2022_20:55:53,559,28298,408,0,0,0,sleep,0,0
06/29/2022_20:55:53,559,28324,620,0,0,0,ps,0,0
06/29/2022_20:55:53,559,28325,568,0,0,0,awk,0,0
06/29/2022_20:59:07,559,29155,408,0,0,0,sleep,0,0
06/29/2022_20:59:07,559,29188,620,0,0,0,ps,0,0
06/29/2022_20:59:07,559,29189,568,0,0,0,awk,0,0
06/29/2022_21:02:20,559,30016,408,0,0,0,sleep,0,0
06/29/2022_21:02:20,559,30054,620,0,0,0,ps,0,0
06/29/2022_21:02:20,559,30055,568,0,0,0,awk,0,0
06/29/2022_21:05:34,559,30893,408,0,0,0,sleep,0,0
06/29/2022_21:05:34,559,30911,620,0,0,0,ps,0,0
06/29/2022_21:05:34,559,30912,568,0,0,0,awk,0,0
06/29/2022_21:08:48,558,31761,408,0,0,0,sleep,0,0
06/29/2022_21:08:48,558,31780,620,0,0,0,ps,0,0
06/29/2022_21:08:48,558,31781,568,0,0,0,awk,0,0
06/29/2022_21:12:02,559,32614,408,0,0,0,sleep,0,0
06/29/2022_21:12:02,559,32639,620,0,0,0,ps,0,0
06/29/2022_21:12:02,559,32640,568,0,0,0,awk,0,0
06/29/2022_21:15:15,559,1133,408,0,0,0,sleep,0,0
06/29/2022_21:15:15,559,1165,620,0,0,0,ps,0,0
06/29/2022_21:15:15,559,1166,568,0,0,0,awk,0,0
06/29/2022_21:18:29,559,2133,408,0,0,0,sleep,0,0
06/29/2022_21:18:29,559,2151,620,0,0,0,ps,0,0
06/29/2022_21:18:29,559,2152,568,0,0,0,awk,0,0
06/29/2022_21:21:42,559,3002,408,0,0,0,sleep,0,0
06/29/2022_21:21:42,559,3014,620,0,0,0,ps,0,0
06/29/2022_21:21:42,559,3015,568,0,0,0,awk,0,0
06/29/2022_21:24:56,559,3867,408,0,0,0,sleep,0,0
06/29/2022_21:24:56,559,3886,620,0,0,0,ps,0,0
06/29/2022_21:24:56,559,3887,568,0,0,0,awk,0,0
06/29/2022_21:28:10,559,4725,408,0,0,0,sleep,0,0
06/29/2022_21:28:10,559,4750,620,0,0,0,ps,0,0
06/29/2022_21:28:10,559,4751,568,0,0,0,awk,0,0
06/29/2022_21:31:23,559,5604,408,0,0,0,sleep,0,0
06/29/2022_21:31:23,559,5622,620,0,0,0,ps,0,0
06/29/2022_21:31:23,559,5623,568,0,0,0,awk,0,0
06/29/2022_21:34:37,559,765,1028,1,0,0,syslogd_monitor,0,0
06/29/2022_21:34:37,559,6460,408,0,0,0,sleep,0,0
06/29/2022_21:34:37,559,6484,620,0,0,0,ps,0,0
06/29/2022_21:34:37,559,6485,568,0,0,0,awk,0,0
06/29/2022_21:37:51,559,7328,408,0,0,0,sleep,0,0
06/29/2022_21:37:51,559,7347,620,0,0,0,ps,0,0
06/29/2022_21:37:51,559,7348,568,0,0,0,awk,0,0
06/29/2022_21:41:04,559,8178,408,0,0,0,sleep,0,0
06/29/2022_21:41:04,559,8203,620,0,0,0,ps,0,0
06/29/2022_21:41:04,559,8204,568,0,0,0,awk,0,0
06/29/2022_21:44:18,559,9032,408,0,0,0,sleep,0,0
06/29/2022_21:44:18,559,9071,620,0,0,0,ps,0,0
06/29/2022_21:44:18,559,9072,568,0,0,0,awk,0,0
06/29/2022_21:47:32,559,9922,408,0,0,0,sleep,0,0
06/29/2022_21:47:32,559,9940,620,0,0,0,ps,0,0
06/29/2022_21:47:32,559,9941,568,0,0,0,awk,0,0
06/29/2022_21:50:45,559,10787,408,0,0,0,sleep,0,0
06/29/2022_21:50:45,559,10799,620,0,0,0,ps,0,0
06/29/2022_21:50:45,559,10800,568,0,0,0,awk,0,0
06/29/2022_21:53:59,559,11642,408,0,0,0,sleep,0,0
06/29/2022_21:53:59,559,11661,620,0,0,0,ps,0,0
06/29/2022_21:53:59,559,11662,568,0,0,0,awk,0,0
06/29/2022_21:57:13,559,12500,408,0,0,0,sleep,0,0
06/29/2022_21:57:13,559,12531,620,0,0,0,ps,0,0
06/29/2022_21:57:13,559,12532,568,0,0,0,awk,0,0
06/29/2022_22:00:26,558,13390,408,0,0,0,sleep,0,0
06/29/2022_22:00:26,558,13402,620,0,0,0,ps,0,0
06/29/2022_22:00:26,558,13403,568,0,0,0,awk,0,0
06/29/2022_22:03:40,559,14250,408,0,0,0,sleep,0,0
06/29/2022_22:03:40,559,14268,620,0,0,0,ps,0,0
06/29/2022_22:03:40,559,14269,568,0,0,0,awk,0,0
06/29/2022_22:06:53,559,15117,408,0,0,0,sleep,0,0
06/29/2022_22:06:53,559,15130,620,0,0,0,ps,0,0
06/29/2022_22:06:53,559,15131,568,0,0,0,awk,0,0
06/29/2022_22:10:07,559,15968,408,0,0,0,sleep,0,0
06/29/2022_22:10:07,559,15996,620,0,0,0,ps,0,0
06/29/2022_22:10:07,559,15997,568,0,0,0,awk,0,0
06/29/2022_22:13:21,559,16816,408,0,0,0,sleep,0,0
06/29/2022_22:13:21,559,16854,620,0,0,0,ps,0,0
06/29/2022_22:13:21,559,16855,568,0,0,0,awk,0,0
06/29/2022_22:16:34,559,17699,408,0,0,0,sleep,0,0
06/29/2022_22:16:34,559,17720,620,0,0,0,ps,0,0
06/29/2022_22:16:34,559,17721,568,0,0,0,awk,0,0
06/29/2022_22:19:48,559,18575,408,0,0,0,sleep,0,0
06/29/2022_22:19:48,559,18593,620,0,0,0,ps,0,0
06/29/2022_22:19:48,559,18594,568,0,0,0,awk,0,0
06/29/2022_22:23:02,559,19431,408,0,0,0,sleep,0,0
06/29/2022_22:23:02,559,19459,620,0,0,0,ps,0,0
06/29/2022_22:23:02,559,19460,568,0,0,0,awk,0,0
06/29/2022_22:26:15,559,20285,408,0,0,0,sleep,0,0
06/29/2022_22:26:15,559,20316,620,0,0,0,ps,0,0
06/29/2022_22:26:15,559,20317,568,0,0,0,awk,0,0
06/29/2022_22:29:29,559,21169,408,0,0,0,sleep,0,0
06/29/2022_22:29:29,559,21182,620,0,0,0,ps,0,0
06/29/2022_22:29:29,559,21183,568,0,0,0,awk,0,0
06/29/2022_22:32:42,559,22026,408,0,0,0,sleep,0,0
06/29/2022_22:32:42,559,22050,620,0,0,0,ps,0,0
06/29/2022_22:32:42,559,22051,568,0,0,0,awk,0,0
06/29/2022_22:35:56,559,22894,408,0,0,0,sleep,0,0
06/29/2022_22:35:56,559,22913,620,0,0,0,ps,0,0
06/29/2022_22:35:56,559,22914,568,0,0,0,awk,0,0
06/29/2022_22:39:10,559,23744,408,0,0,0,sleep,0,0
06/29/2022_22:39:10,559,23769,620,0,0,0,ps,0,0
06/29/2022_22:39:10,559,23770,568,0,0,0,awk,0,0
06/29/2022_22:42:23,559,24598,408,0,0,0,sleep,0,0
06/29/2022_22:42:23,559,24630,620,0,0,0,ps,0,0
06/29/2022_22:42:23,559,24631,568,0,0,0,awk,0,0
06/29/2022_22:45:37,558,25478,408,0,0,0,sleep,0,0
06/29/2022_22:45:37,558,25486,572,0,0,0,sh,0,0
06/29/2022_22:45:37,558,25487,600,0,0,0,ping6,0,0
06/29/2022_22:45:37,558,25499,620,0,0,0,ps,0,0
06/29/2022_22:45:37,558,25500,568,0,0,0,awk,0,0
06/29/2022_22:48:51,559,26354,408,0,0,0,sleep,0,0
06/29/2022_22:48:51,559,26366,620,0,0,0,ps,0,0
06/29/2022_22:48:51,559,26367,568,0,0,0,awk,0,0
06/29/2022_22:52:04,558,27214,408,0,0,0,sleep,0,0
06/29/2022_22:52:04,558,27236,620,0,0,0,ps,0,0
06/29/2022_22:52:04,558,27237,568,0,0,0,awk,0,0
06/29/2022_22:55:18,559,28061,408,0,0,0,sleep,0,0
06/29/2022_22:55:18,559,28095,620,0,0,0,ps,0,0
06/29/2022_22:55:18,559,28096,568,0,0,0,awk,0,0
06/29/2022_22:58:32,559,28946,408,0,0,0,sleep,0,0
06/29/2022_22:58:32,559,28964,620,0,0,0,ps,0,0
06/29/2022_22:58:32,559,28965,568,0,0,0,awk,0,0
06/29/2022_23:01:45,559,29798,408,0,0,0,sleep,0,0
06/29/2022_23:01:45,559,29822,620,0,0,0,ps,0,0
06/29/2022_23:01:45,559,29823,568,0,0,0,awk,0,0
06/29/2022_23:04:59,559,30672,408,0,0,0,sleep,0,0
06/29/2022_23:04:59,559,30691,620,0,0,0,ps,0,0
06/29/2022_23:04:59,559,30692,568,0,0,0,awk,0,0
06/29/2022_23:08:13,559,31523,408,0,0,0,sleep,0,0
06/29/2022_23:08:13,559,31549,620,0,0,0,ps,0,0
06/29/2022_23:08:13,559,31550,568,0,0,0,awk,0,0
06/29/2022_23:11:26,559,32377,408,0,0,0,sleep,0,0
06/29/2022_23:11:26,559,32415,620,0,0,0,ps,0,0
06/29/2022_23:11:26,559,32416,568,0,0,0,awk,0,0
06/29/2022_23:14:40,559,872,408,0,0,0,sleep,0,0
06/29/2022_23:14:40,559,890,620,0,0,0,ps,0,0
06/29/2022_23:14:40,559,891,568,0,0,0,awk,0,0
06/29/2022_23:17:53,559,1894,408,0,0,0,sleep,0,0
06/29/2022_23:17:53,559,1906,620,0,0,0,ps,0,0
06/29/2022_23:17:53,559,1907,568,0,0,0,awk,0,0
06/29/2022_23:21:07,559,2769,408,0,0,0,sleep,0,0
06/29/2022_23:21:07,559,2797,620,0,0,0,ps,0,0
06/29/2022_23:21:07,559,2798,568,0,0,0,awk,0,0
06/29/2022_23:24:21,559,3631,408,0,0,0,sleep,0,0
06/29/2022_23:24:21,559,3662,620,0,0,0,ps,0,0
06/29/2022_23:24:21,559,3663,568,0,0,0,awk,0,0
06/29/2022_23:27:34,559,4515,408,0,0,0,sleep,0,0
06/29/2022_23:27:34,559,4527,620,0,0,0,ps,0,0
06/29/2022_23:27:34,559,4528,568,0,0,0,awk,0,0
06/29/2022_23:30:48,559,5367,408,0,0,0,sleep,0,0
06/29/2022_23:30:48,559,5385,620,0,0,0,ps,0,0
06/29/2022_23:30:48,559,5386,568,0,0,0,awk,0,0
06/29/2022_23:34:02,559,6235,408,0,0,0,sleep,0,0
06/29/2022_23:34:02,559,6260,620,0,0,0,ps,0,0
06/29/2022_23:34:02,559,6261,568,0,0,0,awk,0,0
06/29/2022_23:37:15,559,7086,408,0,0,0,sleep,0,0
06/29/2022_23:37:15,559,7117,620,0,0,0,ps,0,0
06/29/2022_23:37:15,559,7118,568,0,0,0,awk,0,0
06/29/2022_23:40:29,559,7939,408,0,0,0,sleep,0,0
06/29/2022_23:40:29,559,7977,620,0,0,0,ps,0,0
06/29/2022_23:40:29,559,7978,568,0,0,0,awk,0,0
06/29/2022_23:43:42,558,8820,408,0,0,0,sleep,0,0
06/29/2022_23:43:42,558,8838,620,0,0,0,ps,0,0
06/29/2022_23:43:42,558,8839,568,0,0,0,awk,0,0
06/29/2022_23:46:56,558,9695,408,0,0,0,sleep,0,0
06/29/2022_23:46:56,558,9714,620,0,0,0,ps,0,0
06/29/2022_23:46:56,558,9715,568,0,0,0,awk,0,0
06/29/2022_23:50:10,559,10549,408,0,0,0,sleep,0,0
06/29/2022_23:50:10,559,10577,620,0,0,0,ps,0,0
06/29/2022_23:50:10,559,10578,568,0,0,0,awk,0,0
06/29/2022_23:53:23,559,11402,408,0,0,0,sleep,0,0
06/29/2022_23:53:23,559,11433,620,0,0,0,ps,0,0
06/29/2022_23:53:23,559,11434,568,0,0,0,awk,0,0
06/29/2022_23:56:37,559,12284,408,0,0,0,sleep,0,0
06/29/2022_23:56:37,559,12296,620,0,0,0,ps,0,0
06/29/2022_23:56:37,559,12297,568,0,0,0,awk,0,0
06/29/2022_23:59:51,559,765,1032,1,0,0,syslogd_monitor,0,0
06/29/2022_23:59:51,559,13138,408,0,0,0,sleep,0,0
06/29/2022_23:59:51,559,13162,620,0,0,0,ps,0,0
06/29/2022_23:59:51,559,13163,568,0,0,0,awk,0,0
06/30/2022_00:03:05,559,14012,408,0,0,0,sleep,0,0
06/30/2022_00:03:05,559,14031,620,0,0,0,ps,0,0
06/30/2022_00:03:05,559,14032,568,0,0,0,awk,0,0
06/30/2022_00:06:18,559,14863,408,0,0,0,sleep,0,0
06/30/2022_00:06:18,559,14888,620,0,0,0,ps,0,0
06/30/2022_00:06:18,559,14889,568,0,0,0,awk,0,0
06/30/2022_00:09:32,559,15717,408,0,0,0,sleep,0,0
06/30/2022_00:09:32,559,15755,620,0,0,0,ps,0,0
06/30/2022_00:09:32,559,15756,568,0,0,0,awk,0,0
06/30/2022_00:12:45,559,838,3228,4,0,0,dsmd,0,0
06/30/2022_00:12:45,559,16598,408,0,0,0,sleep,0,0
06/30/2022_00:12:45,559,16616,620,0,0,0,ps,0,0
06/30/2022_00:12:45,559,16617,568,0,0,0,awk,0,0
06/30/2022_00:15:59,559,17469,408,0,0,0,sleep,0,0
06/30/2022_00:15:59,559,17488,620,0,0,0,ps,0,0
06/30/2022_00:15:59,559,17489,568,0,0,0,awk,0,0
06/30/2022_00:19:13,559,18326,408,0,0,0,sleep,0,0
06/30/2022_00:19:13,559,18351,620,0,0,0,ps,0,0
06/30/2022_00:19:13,559,18352,568,0,0,0,awk,0,0
06/30/2022_00:22:26,559,19180,408,0,0,0,sleep,0,0
06/30/2022_00:22:26,559,19217,620,0,0,0,ps,0,0
06/30/2022_00:22:26,559,19218,568,0,0,0,awk,0,0
06/30/2022_00:25:40,559,20061,408,0,0,0,sleep,0,0
06/30/2022_00:25:40,559,20079,620,0,0,0,ps,0,0
06/30/2022_00:25:40,559,20080,568,0,0,0,awk,0,0
06/30/2022_00:28:53,559,20912,408,0,0,0,sleep,0,0
06/30/2022_00:28:53,559,20938,620,0,0,0,ps,0,0
06/30/2022_00:28:53,559,20939,568,0,0,0,awk,0,0
06/30/2022_00:32:07,559,21785,408,0,0,0,sleep,0,0
06/30/2022_00:32:07,559,21805,620,0,0,0,ps,0,0
06/30/2022_00:32:07,559,21806,568,0,0,0,awk,0,0
06/30/2022_00:35:21,559,22637,408,0,0,0,sleep,0,0
06/30/2022_00:35:21,559,22668,620,0,0,0,ps,0,0
06/30/2022_00:35:21,559,22669,568,0,0,0,awk,0,0
06/30/2022_00:38:34,558,23487,408,0,0,0,sleep,0,0
06/30/2022_00:38:34,558,23528,620,0,0,0,ps,0,0
06/30/2022_00:38:34,558,23529,568,0,0,0,awk,0,0
06/30/2022_00:41:48,558,24368,408,0,0,0,sleep,0,0
06/30/2022_00:41:48,558,24386,620,0,0,0,ps,0,0
06/30/2022_00:41:48,558,24387,568,0,0,0,awk,0,0
06/30/2022_00:45:02,559,25246,408,0,0,0,sleep,0,0
06/30/2022_00:45:02,559,25259,620,0,0,0,ps,0,0
06/30/2022_00:45:02,559,25260,568,0,0,0,awk,0,0
06/30/2022_00:48:15,559,26103,408,0,0,0,sleep,0,0
06/30/2022_00:48:15,559,26118,572,0,0,0,sh,0,0
06/30/2022_00:48:15,559,26119,600,0,0,0,ping6,0,0
06/30/2022_00:48:15,559,26131,620,0,0,0,ps,0,0
06/30/2022_00:48:15,559,26132,568,0,0,0,awk,0,0
06/30/2022_00:51:29,559,26957,408,0,0,0,sleep,0,0
06/30/2022_00:51:29,559,26988,620,0,0,0,ps,0,0
06/30/2022_00:51:29,559,26989,568,0,0,0,awk,0,0
06/30/2022_00:54:42,559,27838,408,0,0,0,sleep,0,0
06/30/2022_00:54:42,559,27850,620,0,0,0,ps,0,0
06/30/2022_00:54:42,559,27851,568,0,0,0,awk,0,0
06/30/2022_00:57:56,559,28697,408,0,0,0,sleep,0,0
06/30/2022_00:57:56,559,28709,620,0,0,0,ps,0,0
06/30/2022_00:57:56,559,28710,568,0,0,0,awk,0,0
06/30/2022_01:01:10,559,29552,408,0,0,0,sleep,0,0
06/30/2022_01:01:10,559,29577,620,0,0,0,ps,0,0
06/30/2022_01:01:10,559,29578,568,0,0,0,awk,0,0
06/30/2022_01:04:23,559,30409,408,0,0,0,sleep,0,0
06/30/2022_01:04:23,559,30440,620,0,0,0,ps,0,0
06/30/2022_01:04:23,559,30441,568,0,0,0,awk,0,0
06/30/2022_01:07:37,559,31287,408,0,0,0,sleep,0,0
06/30/2022_01:07:37,559,31299,620,0,0,0,ps,0,0
06/30/2022_01:07:37,559,31300,568,0,0,0,awk,0,0
06/30/2022_01:10:51,559,32144,408,0,0,0,sleep,0,0
06/30/2022_01:10:51,559,32168,620,0,0,0,ps,0,0
06/30/2022_01:10:51,559,32169,568,0,0,0,awk,0,0
06/30/2022_01:14:04,559,575,408,0,0,0,sleep,0,0
06/30/2022_01:14:04,559,600,620,0,0,0,ps,0,0
06/30/2022_01:14:04,559,601,568,0,0,0,awk,0,0
06/30/2022_01:14:04,559,1314,5936,7,0,0,modem2d,0,0
06/30/2022_01:17:18,559,1606,408,0,0,0,sleep,0,0
06/30/2022_01:17:18,559,1631,620,0,0,0,ps,0,0
06/30/2022_01:17:18,559,1632,568,0,0,0,awk,0,0
06/30/2022_01:20:32,559,2503,408,0,0,0,sleep,0,0
06/30/2022_01:20:32,559,2535,620,0,0,0,ps,0,0
06/30/2022_01:20:32,559,2536,568,0,0,0,awk,0,0
06/30/2022_01:23:45,559,3392,408,0,0,0,sleep,0,0
06/30/2022_01:23:45,559,3410,620,0,0,0,ps,0,0
06/30/2022_01:23:45,559,3411,568,0,0,0,awk,0,0
06/30/2022_01:26:59,559,4262,408,0,0,0,sleep,0,0
06/30/2022_01:26:59,559,4274,620,0,0,0,ps,0,0
06/30/2022_01:26:59,559,4275,568,0,0,0,awk,0,0
06/30/2022_01:30:12,559,5119,408,0,0,0,sleep,0,0
06/30/2022_01:30:12,559,5138,620,0,0,0,ps,0,0
06/30/2022_01:30:12,559,5139,568,0,0,0,awk,0,0
06/30/2022_01:33:26,558,5975,408,0,0,0,sleep,0,0
06/30/2022_01:33:26,558,6000,620,0,0,0,ps,0,0
06/30/2022_01:33:26,558,6001,568,0,0,0,awk,0,0
06/30/2022_01:36:40,558,6853,408,0,0,0,sleep,0,0
06/30/2022_01:36:40,558,6871,620,0,0,0,ps,0,0
06/30/2022_01:36:40,558,6872,568,0,0,0,awk,0,0
06/30/2022_01:39:53,559,7713,408,0,0,0,sleep,0,0
06/30/2022_01:39:53,559,7737,620,0,0,0,ps,0,0
06/30/2022_01:39:53,559,7738,568,0,0,0,awk,0,0
06/30/2022_01:43:07,559,8580,408,0,0,0,sleep,0,0
06/30/2022_01:43:07,559,8599,620,0,0,0,ps,0,0
06/30/2022_01:43:07,559,8600,568,0,0,0,awk,0,0
06/30/2022_01:46:21,559,9434,408,0,0,0,sleep,0,0
06/30/2022_01:46:21,559,9459,620,0,0,0,ps,0,0
06/30/2022_01:46:21,559,9460,568,0,0,0,awk,0,0
06/30/2022_01:49:34,559,10293,408,0,0,0,sleep,0,0
06/30/2022_01:49:34,559,10331,620,0,0,0,ps,0,0
06/30/2022_01:49:34,559,10332,568,0,0,0,awk,0,0
06/30/2022_01:52:48,559,11172,408,0,0,0,sleep,0,0
06/30/2022_01:52:48,559,11193,620,0,0,0,ps,0,0
06/30/2022_01:52:48,559,11194,568,0,0,0,awk,0,0
06/30/2022_01:56:01,559,12040,408,0,0,0,sleep,0,0
06/30/2022_01:56:01,559,12052,620,0,0,0,ps,0,0
06/30/2022_01:56:01,559,12053,568,0,0,0,awk,0,0
06/30/2022_01:59:15,559,12893,408,0,0,0,sleep,0,0
06/30/2022_01:59:15,559,12915,620,0,0,0,ps,0,0
06/30/2022_01:59:15,559,12916,568,0,0,0,awk,0,0
06/30/2022_02:02:29,559,13753,408,0,0,0,sleep,0,0
06/30/2022_02:02:29,559,13784,620,0,0,0,ps,0,0
06/30/2022_02:02:29,559,13785,568,0,0,0,awk,0,0
06/30/2022_02:05:42,559,14637,408,0,0,0,sleep,0,0
06/30/2022_02:05:42,559,14649,620,0,0,0,ps,0,0
06/30/2022_02:05:42,559,14650,568,0,0,0,awk,0,0
06/30/2022_02:08:56,559,15493,408,0,0,0,sleep,0,0
06/30/2022_02:08:56,559,15511,620,0,0,0,ps,0,0
06/30/2022_02:08:56,559,15512,568,0,0,0,awk,0,0
06/30/2022_02:12:10,559,16361,408,0,0,0,sleep,0,0
06/30/2022_02:12:10,559,16375,620,0,0,0,ps,0,0
06/30/2022_02:12:10,559,16376,568,0,0,0,awk,0,0
06/30/2022_02:15:23,559,17215,408,0,0,0,sleep,0,0
06/30/2022_02:15:23,559,17240,620,0,0,0,ps,0,0
06/30/2022_02:15:23,559,17241,568,0,0,0,awk,0,0
06/30/2022_02:18:37,559,18069,408,0,0,0,sleep,0,0
06/30/2022_02:18:37,559,18107,620,0,0,0,ps,0,0
06/30/2022_02:18:37,559,18108,568,0,0,0,awk,0,0
06/30/2022_02:21:50,559,18951,408,0,0,0,sleep,0,0
06/30/2022_02:21:50,559,18969,620,0,0,0,ps,0,0
06/30/2022_02:21:50,559,18970,568,0,0,0,awk,0,0
06/30/2022_02:25:04,559,765,1036,1,0,0,syslogd_monitor,0,0
06/30/2022_02:25:04,559,19818,408,0,0,0,sleep,0,0
06/30/2022_02:25:04,559,19836,620,0,0,0,ps,0,0
06/30/2022_02:25:04,559,19837,568,0,0,0,awk,0,0
06/30/2022_02:28:18,558,20669,408,0,0,0,sleep,0,0
06/30/2022_02:28:18,558,20697,620,0,0,0,ps,0,0
06/30/2022_02:28:18,558,20698,568,0,0,0,awk,0,0
06/30/2022_02:31:31,558,21525,408,0,0,0,sleep,0,0
06/30/2022_02:31:31,558,21557,620,0,0,0,ps,0,0
06/30/2022_02:31:31,558,21558,568,0,0,0,awk,0,0
06/30/2022_02:34:45,559,22417,408,0,0,0,sleep,0,0
06/30/2022_02:34:45,559,22429,620,0,0,0,ps,0,0
06/30/2022_02:34:45,559,22430,568,0,0,0,awk,0,0
06/30/2022_02:37:59,559,23267,408,0,0,0,sleep,0,0
06/30/2022_02:37:59,559,23292,620,0,0,0,ps,0,0
06/30/2022_02:37:59,559,23293,568,0,0,0,awk,0,0
06/30/2022_02:41:12,559,24135,408,0,0,0,sleep,0,0
06/30/2022_02:41:12,559,24154,620,0,0,0,ps,0,0
06/30/2022_02:41:12,559,24155,568,0,0,0,awk,0,0
06/30/2022_02:44:26,559,24988,408,0,0,0,sleep,0,0
06/30/2022_02:44:26,559,25013,620,0,0,0,ps,0,0
06/30/2022_02:44:26,559,25014,568,0,0,0,awk,0,0
06/30/2022_02:47:39,559,25848,408,0,0,0,sleep,0,0
06/30/2022_02:47:39,559,25880,620,0,0,0,ps,0,0
06/30/2022_02:47:39,559,25881,568,0,0,0,awk,0,0
06/30/2022_02:50:53,559,26727,408,0,0,0,sleep,0,0
06/30/2022_02:50:53,559,26745,620,0,0,0,ps,0,0
06/30/2022_02:50:53,559,26746,568,0,0,0,awk,0,0
06/30/2022_02:54:07,559,27594,408,0,0,0,sleep,0,0
06/30/2022_02:54:07,559,27607,620,0,0,0,ps,0,0
06/30/2022_02:54:07,559,27608,568,0,0,0,awk,0,0
06/30/2022_02:57:20,559,28439,408,0,0,0,sleep,0,0
06/30/2022_02:57:20,559,28464,620,0,0,0,ps,0,0
06/30/2022_02:57:20,559,28465,568,0,0,0,awk,0,0
06/30/2022_03:00:34,559,29295,408,0,0,0,sleep,0,0
06/30/2022_03:00:34,559,29326,620,0,0,0,ps,0,0
06/30/2022_03:00:34,559,29327,568,0,0,0,awk,0,0
06/30/2022_03:03:48,559,30183,408,0,0,0,sleep,0,0
06/30/2022_03:03:48,559,30201,620,0,0,0,ps,0,0
06/30/2022_03:03:48,559,30202,568,0,0,0,awk,0,0
06/30/2022_03:07:01,559,31034,408,0,0,0,sleep,0,0
06/30/2022_03:07:01,559,31058,620,0,0,0,ps,0,0
06/30/2022_03:07:01,559,31059,568,0,0,0,awk,0,0
06/30/2022_03:10:15,559,31902,408,0,0,0,sleep,0,0
06/30/2022_03:10:15,559,31921,620,0,0,0,ps,0,0
06/30/2022_03:10:15,559,31922,568,0,0,0,awk,0,0
06/30/2022_03:13:29,559,310,620,0,0,0,ps,0,0
06/30/2022_03:13:29,559,311,568,0,0,0,awk,0,0
06/30/2022_03:13:29,559,32752,408,0,0,0,sleep,0,0
06/30/2022_03:16:42,559,1280,408,0,0,0,sleep,0,0
06/30/2022_03:16:42,559,1329,620,0,0,0,ps,0,0
06/30/2022_03:16:42,559,1330,568,0,0,0,awk,0,0
06/30/2022_03:19:56,558,2270,408,0,0,0,sleep,0,0
06/30/2022_03:19:56,558,2288,620,0,0,0,ps,0,0
06/30/2022_03:19:56,558,2289,568,0,0,0,awk,0,0
06/30/2022_03:23:09,558,3141,408,0,0,0,sleep,0,0
06/30/2022_03:23:09,558,3154,620,0,0,0,ps,0,0
06/30/2022_03:23:09,558,3155,568,0,0,0,awk,0,0
06/30/2022_03:26:23,559,4005,408,0,0,0,sleep,0,0
06/30/2022_03:26:23,559,4030,620,0,0,0,ps,0,0
06/30/2022_03:26:23,559,4031,568,0,0,0,awk,0,0
06/30/2022_03:29:37,559,4861,408,0,0,0,sleep,0,0
06/30/2022_03:29:37,559,4892,620,0,0,0,ps,0,0
06/30/2022_03:29:37,559,4893,568,0,0,0,awk,0,0
06/30/2022_03:32:50,559,5746,408,0,0,0,sleep,0,0
06/30/2022_03:32:50,559,5758,620,0,0,0,ps,0,0
06/30/2022_03:32:50,559,5759,568,0,0,0,awk,0,0
06/30/2022_03:36:04,559,6599,408,0,0,0,sleep,0,0
06/30/2022_03:36:04,559,6617,620,0,0,0,ps,0,0
06/30/2022_03:36:04,559,6618,568,0,0,0,awk,0,0
06/30/2022_03:39:18,559,7458,408,0,0,0,sleep,0,0
06/30/2022_03:39:18,559,7486,620,0,0,0,ps,0,0
06/30/2022_03:39:18,559,7487,568,0,0,0,awk,0,0
06/30/2022_03:42:31,559,8311,408,0,0,0,sleep,0,0
06/30/2022_03:42:31,559,8342,620,0,0,0,ps,0,0
06/30/2022_03:42:31,559,8343,568,0,0,0,awk,0,0
06/30/2022_03:45:45,559,9164,408,0,0,0,sleep,0,0
06/30/2022_03:45:45,559,9205,620,0,0,0,ps,0,0
06/30/2022_03:45:45,559,9206,568,0,0,0,awk,0,0
06/30/2022_03:48:58,559,10053,408,0,0,0,sleep,0,0
06/30/2022_03:48:58,559,10071,620,0,0,0,ps,0,0
06/30/2022_03:48:58,559,10072,568,0,0,0,awk,0,0
06/30/2022_03:52:12,559,10920,408,0,0,0,sleep,0,0
06/30/2022_03:52:12,559,10939,620,0,0,0,ps,0,0
06/30/2022_03:52:12,559,10940,568,0,0,0,awk,0,0
06/30/2022_03:55:26,559,11771,408,0,0,0,sleep,0,0
06/30/2022_03:55:26,559,11798,620,0,0,0,ps,0,0
06/30/2022_03:55:26,559,11799,568,0,0,0,awk,0,0
06/30/2022_03:58:39,559,12633,408,0,0,0,sleep,0,0
06/30/2022_03:58:39,559,12664,620,0,0,0,ps,0,0
06/30/2022_03:58:39,559,12665,568,0,0,0,awk,0,0
06/30/2022_04:01:53,559,13520,408,0,0,0,sleep,0,0
06/30/2022_04:01:53,559,13532,620,0,0,0,ps,0,0
06/30/2022_04:01:53,559,13533,568,0,0,0,awk,0,0
06/30/2022_04:05:07,558,14380,408,0,0,0,sleep,0,0
06/30/2022_04:05:07,558,14404,620,0,0,0,ps,0,0
06/30/2022_04:05:07,558,14405,568,0,0,0,awk,0,0
06/30/2022_04:08:21,558,15245,408,0,0,0,sleep,0,0
06/30/2022_04:08:21,558,15267,620,0,0,0,ps,0,0
06/30/2022_04:08:21,558,15268,568,0,0,0,awk,0,0
06/30/2022_04:11:34,558,16099,408,0,0,0,sleep,0,0
06/30/2022_04:11:34,558,16124,620,0,0,0,ps,0,0
06/30/2022_04:11:34,558,16125,568,0,0,0,awk,0,0
06/30/2022_04:14:48,558,16953,408,0,0,0,sleep,0,0
06/30/2022_04:14:48,558,16995,620,0,0,0,ps,0,0
06/30/2022_04:14:48,558,16996,568,0,0,0,awk,0,0
06/30/2022_04:18:01,559,17842,408,0,0,0,sleep,0,0
06/30/2022_04:18:01,559,17860,620,0,0,0,ps,0,0
06/30/2022_04:18:01,559,17861,568,0,0,0,awk,0,0
06/30/2022_04:21:15,559,18703,408,0,0,0,sleep,0,0
06/30/2022_04:21:15,559,18722,620,0,0,0,ps,0,0
06/30/2022_04:21:15,559,18723,568,0,0,0,awk,0,0
06/30/2022_04:24:29,559,19556,408,0,0,0,sleep,0,0
06/30/2022_04:24:29,559,19581,620,0,0,0,ps,0,0
06/30/2022_04:24:29,559,19582,568,0,0,0,awk,0,0
06/30/2022_04:27:42,559,20413,408,0,0,0,sleep,0,0
06/30/2022_04:27:42,559,20454,620,0,0,0,ps,0,0
06/30/2022_04:27:42,559,20455,568,0,0,0,awk,0,0
06/30/2022_04:30:56,559,21296,408,0,0,0,sleep,0,0
06/30/2022_04:30:56,559,21314,620,0,0,0,ps,0,0
06/30/2022_04:30:56,559,21315,568,0,0,0,awk,0,0
06/30/2022_04:34:09,559,22156,408,0,0,0,sleep,0,0
06/30/2022_04:34:09,559,22180,620,0,0,0,ps,0,0
06/30/2022_04:34:09,559,22181,568,0,0,0,awk,0,0
06/30/2022_04:37:23,559,23017,408,0,0,0,sleep,0,0
06/30/2022_04:37:23,559,23036,620,0,0,0,ps,0,0
06/30/2022_04:37:23,559,23037,568,0,0,0,awk,0,0
06/30/2022_04:40:37,559,23871,408,0,0,0,sleep,0,0
06/30/2022_04:40:37,559,23902,620,0,0,0,ps,0,0
06/30/2022_04:40:37,559,23903,568,0,0,0,awk,0,0
06/30/2022_04:43:50,559,24721,408,0,0,0,sleep,0,0
06/30/2022_04:43:50,559,24764,620,0,0,0,ps,0,0
06/30/2022_04:43:50,559,24765,568,0,0,0,awk,0,0
06/30/2022_04:47:04,559,25608,408,0,0,0,sleep,0,0
06/30/2022_04:47:04,559,25626,620,0,0,0,ps,0,0
06/30/2022_04:47:04,559,25627,568,0,0,0,awk,0,0
06/30/2022_04:50:18,559,26477,408,0,0,0,sleep,0,0
06/30/2022_04:50:18,559,26490,620,0,0,0,ps,0,0
06/30/2022_04:50:18,559,26491,568,0,0,0,awk,0,0
06/30/2022_04:53:31,559,765,1040,1,0,0,syslogd_monitor,0,0
06/30/2022_04:53:31,559,27329,408,0,0,0,sleep,0,0
06/30/2022_04:53:31,559,27354,620,0,0,0,ps,0,0
06/30/2022_04:53:31,559,27355,568,0,0,0,awk,0,0
06/30/2022_04:56:45,559,28189,408,0,0,0,sleep,0,0
06/30/2022_04:56:45,559,28221,620,0,0,0,ps,0,0
06/30/2022_04:56:45,559,28222,568,0,0,0,awk,0,0
06/30/2022_04:59:58,559,29063,408,0,0,0,sleep,0,0
06/30/2022_04:59:58,559,29082,620,0,0,0,ps,0,0
06/30/2022_04:59:58,559,29083,568,0,0,0,awk,0,0
06/30/2022_05:03:12,558,29938,408,0,0,0,sleep,0,0
06/30/2022_05:03:12,558,29950,620,0,0,0,ps,0,0
06/30/2022_05:03:12,558,29951,568,0,0,0,awk,0,0
06/30/2022_05:06:26,558,30790,408,0,0,0,sleep,0,0
06/30/2022_05:06:26,558,30818,620,0,0,0,ps,0,0
06/30/2022_05:06:26,558,30819,568,0,0,0,awk,0,0
06/30/2022_05:09:39,558,31643,408,0,0,0,sleep,0,0
06/30/2022_05:09:39,558,31674,620,0,0,0,ps,0,0
06/30/2022_05:09:39,558,31675,568,0,0,0,awk,0,0
06/30/2022_05:12:53,559,32528,408,0,0,0,sleep,0,0
06/30/2022_05:12:53,559,32540,620,0,0,0,ps,0,0
06/30/2022_05:12:53,559,32541,568,0,0,0,awk,0,0
06/30/2022_05:16:06,559,1034,408,0,0,0,sleep,0,0
06/30/2022_05:16:06,559,1052,620,0,0,0,ps,0,0
06/30/2022_05:16:06,559,1053,568,0,0,0,awk,0,0
06/30/2022_05:19:20,559,2030,408,0,0,0,sleep,0,0
06/30/2022_05:19:20,559,2049,620,0,0,0,ps,0,0
06/30/2022_05:19:20,559,2050,568,0,0,0,awk,0,0
06/30/2022_05:22:34,559,2886,408,0,0,0,sleep,0,0
06/30/2022_05:22:34,559,2911,620,0,0,0,ps,0,0
06/30/2022_05:22:34,559,2912,568,0,0,0,awk,0,0
06/30/2022_05:25:47,559,3752,408,0,0,0,sleep,0,0
06/30/2022_05:25:47,559,3787,620,0,0,0,ps,0,0
06/30/2022_05:25:47,559,3788,568,0,0,0,awk,0,0
06/30/2022_05:29:01,559,838,3232,4,0,0,dsmd,0,0
06/30/2022_05:29:01,559,4637,408,0,0,0,sleep,0,0
06/30/2022_05:29:01,559,4655,620,0,0,0,ps,0,0
06/30/2022_05:29:01,559,4656,568,0,0,0,awk,0,0
06/30/2022_05:32:15,559,5511,408,0,0,0,sleep,0,0
06/30/2022_05:32:15,559,5523,620,0,0,0,ps,0,0
06/30/2022_05:32:15,559,5524,568,0,0,0,awk,0,0
06/30/2022_05:35:28,559,6361,408,0,0,0,sleep,0,0
06/30/2022_05:35:28,559,6380,620,0,0,0,ps,0,0
06/30/2022_05:35:28,559,6381,568,0,0,0,awk,0,0
06/30/2022_05:38:42,559,7215,408,0,0,0,sleep,0,0
06/30/2022_05:38:42,559,7240,620,0,0,0,ps,0,0
06/30/2022_05:38:42,559,7241,568,0,0,0,awk,0,0
06/30/2022_05:41:55,559,8087,408,0,0,0,sleep,0,0
06/30/2022_05:41:55,559,8095,572,0,0,0,sh,0,0
06/30/2022_05:41:55,559,8096,600,0,0,0,ping6,0,0
06/30/2022_05:41:55,559,8108,620,0,0,0,ps,0,0
06/30/2022_05:41:55,559,8109,568,0,0,0,awk,0,0
06/30/2022_05:45:09,559,8949,408,0,0,0,sleep,0,0
06/30/2022_05:45:09,559,8973,620,0,0,0,ps,0,0
06/30/2022_05:45:09,559,8974,568,0,0,0,awk,0,0
06/30/2022_05:48:23,559,9825,408,0,0,0,sleep,0,0
06/30/2022_05:48:23,559,9847,620,0,0,0,ps,0,0
06/30/2022_05:48:23,559,9848,568,0,0,0,awk,0,0
06/30/2022_05:51:36,559,10684,408,0,0,0,sleep,0,0
06/30/2022_05:51:36,559,10709,620,0,0,0,ps,0,0
06/30/2022_05:51:36,559,10710,568,0,0,0,awk,0,0
06/30/2022_05:54:50,558,11535,408,0,0,0,sleep,0,0
06/30/2022_05:54:50,558,11576,620,0,0,0,ps,0,0
06/30/2022_05:54:50,558,11577,568,0,0,0,awk,0,0
06/30/2022_05:58:04,558,12416,408,0,0,0,sleep,0,0
06/30/2022_05:58:04,558,12434,620,0,0,0,ps,0,0
06/30/2022_05:58:04,558,12435,568,0,0,0,awk,0,0
06/30/2022_06:01:17,558,13288,408,0,0,0,sleep,0,0
06/30/2022_06:01:17,558,13300,620,0,0,0,ps,0,0
06/30/2022_06:01:17,558,13301,568,0,0,0,awk,0,0
06/30/2022_06:04:31,558,14144,408,0,0,0,sleep,0,0
06/30/2022_06:04:31,558,14163,620,0,0,0,ps,0,0
06/30/2022_06:04:31,558,14164,568,0,0,0,awk,0,0
06/30/2022_06:07:45,559,15001,408,0,0,0,sleep,0,0
06/30/2022_06:07:45,559,15032,620,0,0,0,ps,0,0
06/30/2022_06:07:45,559,15033,568,0,0,0,awk,0,0
06/30/2022_06:10:58,559,15879,408,0,0,0,sleep,0,0
06/30/2022_06:10:58,559,15891,620,0,0,0,ps,0,0
06/30/2022_06:10:58,559,15892,568,0,0,0,awk,0,0
06/30/2022_06:14:12,559,16736,408,0,0,0,sleep,0,0
06/30/2022_06:14:12,559,16754,620,0,0,0,ps,0,0
06/30/2022_06:14:12,559,16755,568,0,0,0,awk,0,0
06/30/2022_06:17:26,559,17609,408,0,0,0,sleep,0,0
06/30/2022_06:17:26,559,17622,572,0,0,0,sh,0,0
06/30/2022_06:17:26,559,17625,600,0,0,0,ping6,0,0
06/30/2022_06:17:26,559,17631,620,0,0,0,ps,0,0
06/30/2022_06:17:26,559,17632,568,0,0,0,awk,0,0
06/30/2022_06:20:39,559,18475,408,0,0,0,sleep,0,0
06/30/2022_06:20:39,559,18500,620,0,0,0,ps,0,0
06/30/2022_06:20:39,559,18501,568,0,0,0,awk,0,0
06/30/2022_06:23:53,559,19319,408,0,0,0,sleep,0,0
06/30/2022_06:23:53,559,19360,620,0,0,0,ps,0,0
06/30/2022_06:23:53,559,19361,568,0,0,0,awk,0,0
06/30/2022_06:27:07,559,20201,408,0,0,0,sleep,0,0
06/30/2022_06:27:07,559,20219,620,0,0,0,ps,0,0
06/30/2022_06:27:07,559,20220,568,0,0,0,awk,0,0
06/30/2022_06:30:20,559,1314,5940,7,0,0,modem2d,0,0
06/30/2022_06:30:20,559,21070,408,0,0,0,sleep,0,0
06/30/2022_06:30:20,559,21089,620,0,0,0,ps,0,0
06/30/2022_06:30:20,559,21090,568,0,0,0,awk,0,0
06/30/2022_06:33:34,559,21927,408,0,0,0,sleep,0,0
06/30/2022_06:33:34,559,21952,620,0,0,0,ps,0,0
06/30/2022_06:33:34,559,21953,568,0,0,0,awk,0,0
06/30/2022_06:36:47,559,22781,408,0,0,0,sleep,0,0
06/30/2022_06:36:47,559,22812,620,0,0,0,ps,0,0
06/30/2022_06:36:47,559,22813,568,0,0,0,awk,0,0
06/30/2022_06:40:01,559,23659,408,0,0,0,sleep,0,0
06/30/2022_06:40:01,559,23671,620,0,0,0,ps,0,0
06/30/2022_06:40:01,559,23672,568,0,0,0,awk,0,0
06/30/2022_06:43:15,559,24513,408,0,0,0,sleep,0,0
06/30/2022_06:43:15,559,24537,620,0,0,0,ps,0,0
06/30/2022_06:43:15,559,24538,568,0,0,0,awk,0,0
06/30/2022_06:46:28,559,25380,408,0,0,0,sleep,0,0
06/30/2022_06:46:28,559,25402,620,0,0,0,ps,0,0
06/30/2022_06:46:28,559,25403,568,0,0,0,awk,0,0
06/30/2022_06:49:42,558,26241,408,0,0,0,sleep,0,0
06/30/2022_06:49:42,558,26266,620,0,0,0,ps,0,0
06/30/2022_06:49:42,558,26267,568,0,0,0,awk,0,0
06/30/2022_06:52:56,558,27091,408,0,0,0,sleep,0,0
06/30/2022_06:52:56,558,27126,620,0,0,0,ps,0,0
06/30/2022_06:52:56,558,27127,568,0,0,0,awk,0,0
06/30/2022_06:56:09,558,27973,408,0,0,0,sleep,0,0
06/30/2022_06:56:09,558,27991,620,0,0,0,ps,0,0
06/30/2022_06:56:09,558,27992,568,0,0,0,awk,0,0
06/30/2022_06:59:23,559,28845,408,0,0,0,sleep,0,0
06/30/2022_06:59:23,559,28858,620,0,0,0,ps,0,0
06/30/2022_06:59:23,559,28859,568,0,0,0,awk,0,0
06/30/2022_07:02:37,559,29696,408,0,0,0,sleep,0,0
06/30/2022_07:02:37,559,29721,620,0,0,0,ps,0,0
06/30/2022_07:02:37,559,29722,568,0,0,0,awk,0,0
06/30/2022_07:05:50,559,30550,408,0,0,0,sleep,0,0
06/30/2022_07:05:50,559,30581,620,0,0,0,ps,0,0
06/30/2022_07:05:50,559,30582,568,0,0,0,awk,0,0
06/30/2022_07:09:04,559,31430,408,0,0,0,sleep,0,0
06/30/2022_07:09:04,559,31448,620,0,0,0,ps,0,0
06/30/2022_07:09:04,559,31449,568,0,0,0,awk,0,0
06/30/2022_07:12:18,559,32286,408,0,0,0,sleep,0,0
06/30/2022_07:12:18,559,32310,620,0,0,0,ps,0,0
06/30/2022_07:12:18,559,32311,568,0,0,0,awk,0,0
