TIME,rmnet_data0_tx,rndis0_tx,wlan0_tx,wlan1_tx,br0_tx,br0_wlan0_tx,br0_wlan1_tx,rmnet_data0_rx,rndis0_rx,wlan0_rx,wlan1_rx,br0_rx,br0_wlan0_rx,br0_wlan1_rx,nf_count,modem_ipv4_tx,modem_ipv6_tx,ipv4_rx,ipv6_rx,ipv4_lc_tx,ipv6_lc_tx,ipv4_lc_rx,ipv6_lc_rx,ipv4_pkt_tx,ipv6_pkt_tx,ipv4_pkt_rx,ipv6_pkt_rx,ipv4_pkt_tx_err,ipv6_pkt_tx_err,ipv4_pkt_rx_err,ipv6_pkt_rx_err,ipv4_pkt_tx_ofl,ipv6_pkt_tx_ofl,ipv4_pkt_rx_ofl,ipv6_pkt_rx_ofl
06/29/2022_13:56:22,5837047,0,5899983,10969975,11657308,5899983,10969975,75516138,0,294939,4852264,5147203,294939,4852264,12,209403785,209403785,2101764308,2101764308,0,0,0,0,1093859,1093859,2102406,2102406,4294967295,4294967295,4294967295,4294967295,4294967295,4294967295,4294967295,4294967295
06/29/2022_13:59:36,5838267,0,5900927,10970919,11658252,5900927,10970919,75516308,0,294939,4852264,5147203,294939,4852264,13,209405005,209405005,2101764478,2101764478,0,0,0,0,1093861,1093861,2102408,2102408,4294967295,4294967295,4294967295,4294967295,4294967295,4294967295,4294967295,4294967295
06/29/2022_14:02:49,5838267,0,5902225,10972217,11659550,5902225,10972217,75516308,0,294939,4852264,5147203,294939,4852264,14,209405005,209405005,2101764478,2101764478,0,0,0,0,1093861,1093861,2102408,2102408,4294967295,4294967295,4294967295,4294967295,4294967295,4294967295,4294967295,4294967295
06/29/2022_14:06:03,5838267,0,5903405,10973397,11660730,5903405,10973397,75516308,0,294939,4852264,5147203,294939,4852264,14,209405005,209405005,2101764478,2101764478,0,0,0,0,1093861,1093861,2102408,2102408,4294967295,4294967295,4294967295,4294967295,4294967295,4294967295,4294967295,4294967295
06/29/2022_14:09:17,5838267,0,5904231,10974223,11661556,5904231,10974223,75516308,0,294939,4852264,5147203,294939,4852264,12,209405005,209405005,2101764478,2101764478,0,0,0,0,1093861,1093861,2102408,2102408,4294967295,4294967295,4294967295,4294967295,4294967295,4294967295,4294967295,4294967295
06/29/2022_14:12:30,5838267,0,5905529,10975521,11662854,5905529,10975521,75516308,0,294939,4852264,5147203,294939,4852264,13,209405005,209405005,2101764478,2101764478,0,0,0,0,1093861,1093861,2102408,2102408,4294967295,4294967295,4294967295,4294967295,4294967295,4294967295,4294967295,4294967295
06/29/2022_14:15:44,5839487,0,5906355,10976347,11663680,5906355,10976347,75516478,0,294939,4852264,5147203,294939,4852264,14,209406225,209406225,2101764648,2101764648,0,0,0,0,1093863,1093863,2102410,2102410,4294967295,4294967295,4294967295,4294967295,4294967295,4294967295,4294967295,4294967295
06/29/2022_14:18:58,5839487,0,5907535,10977527,11664860,5907535,10977527,75516478,0,294939,4852264,5147203,294939,4852264,13,209406225,209406225,2101764648,2101764648,0,0,0,0,1093863,1093863,2102410,2102410,4294967295,4294967295,4294967295,4294967295,4294967295,4294967295,4294967295,4294967295
06/29/2022_14:22:11,5839487,0,5908479,10978471,11665804,5908479,10978471,75516478,0,294939,4852264,5147203,294939,4852264,12,209406225,209406225,2101764648,2101764648,0,0,0,0,1093863,1093863,2102410,2102410,4294967295,4294967295,4294967295,4294967295,4294967295,4294967295,4294967295,4294967295
06/29/2022_14:25:25,5839696,0,5909777,10979769,11667102,5909777,10979769,75516648,0,294939,4852264,5147203,294939,4852264,13,209406434,209406434,2101764818,2101764818,0,0,0,0,1093865,1093865,2102412,2102412,4294967295,4294967295,4294967295,4294967295,4294967295,4294967295,4294967295,4294967295
06/29/2022_14:28:39,5839696,0,5910603,10980595,11667928,5910603,10980595,75516648,0,294939,4852264,5147203,294939,4852264,15,209406434,209406434,2101764818,2101764818,0,0,0,0,1093865,1093865,2102412,2102412,4294967295,4294967295,4294967295,4294967295,4294967295,4294967295,4294967295,4294967295
06/29/2022_14:31:52,5840916,0,5911783,10981775,11669108,5911783,10981775,75516818,0,294939,4852264,5147203,294939,4852264,13,209407654,209407654,2101764988,2101764988,0,0,0,0,1093867,1093867,2102414,2102414,4294967295,4294967295,4294967295,4294967295,4294967295,4294967295,4294967295,4294967295
06/29/2022_14:35:06,5840916,0,5912963,10982955,11670288,5912963,10982955,75516818,0,294939,4852264,5147203,294939,4852264,14,209407654,209407654,2101764988,2101764988,0,0,0,0,1093867,1093867,2102414,2102414,4294967295,4294967295,4294967295,4294967295,4294967295,4294967295,4294967295,4294967295
06/29/2022_14:38:20,5840916,0,5913907,10983899,11671232,5913907,10983899,75516818,0,294939,4852264,5147203,294939,4852264,14,209407654,209407654,2101764988,2101764988,0,0,0,0,1093867,1093867,2102414,2102414,4294967295,4294967295,4294967295,4294967295,4294967295,4294967295,4294967295,4294967295
06/29/2022_14:41:33,5840916,0,5915087,10985079,11672412,5915087,10985079,75516818,0,294939,4852264,5147203,294939,4852264,12,209407654,209407654,2101764988,2101764988,0,0,0,0,1093867,1093867,2102414,2102414,4294967295,4294967295,4294967295,4294967295,4294967295,4294967295,4294967295,4294967295
06/29/2022_14:44:47,5842136,0,5916031,10986023,11673356,5916031,10986023,75516988,0,294939,4852264,5147203,294939,4852264,13,209408874,209408874,2101765158,2101765158,0,0,0,0,1093869,1093869,2102416,2102416,4294967295,4294967295,4294967295,4294967295,4294967295,4294967295,4294967295,4294967295
06/29/2022_14:48:01,5842136,0,5917329,10987321,11674654,5917329,10987321,75516988,0,294939,4852264,5147203,294939,4852264,14,209408874,209408874,2101765158,2101765158,0,0,0,0,1093869,1093869,2102416,2102416,4294967295,4294967295,4294967295,4294967295,4294967295,4294967295,4294967295,4294967295
06/29/2022_14:51:14,5842136,0,5918273,10988265,11675598,5918273,10988265,75516988,0,294939,4852264,5147203,294939,4852264,12,209408874,209408874,2101765158,2101765158,0,0,0,0,1093869,1093869,2102416,2102416,4294967295,4294967295,4294967295,4294967295,4294967295,4294967295,4294967295,4294967295
06/29/2022_14:54:28,5842345,0,5919453,10989445,11676778,5919453,10989445,75517158,0,294939,4852264,5147203,294939,4852264,12,209409083,209409083,2101765328,2101765328,0,0,0,0,1093871,1093871,2102418,2102418,4294967295,4294967295,4294967295,4294967295,4294967295,4294967295,4294967295,4294967295
06/29/2022_14:57:42,5842345,0,5920633,10990625,11677958,5920633,10990625,75517158,0,294939,4852264,5147203,294939,4852264,14,209409083,209409083,2101765328,2101765328,0,0,0,0,1093871,1093871,2102418,2102418,4294967295,4294967295,4294967295,4294967295,4294967295,4294967295,4294967295,4294967295
06/29/2022_15:00:55,5843565,0,5921459,10991451,11678784,5921459,10991451,75517328,0,294939,4852264,5147203,294939,4852264,14,209410303,209410303,2101765498,2101765498,0,0,0,0,1093873,1093873,2102420,2102420,4294967295,4294967295,4294967295,4294967295,4294967295,4294967295,4294967295,4294967295
06/29/2022_15:04:09,5843565,0,5922639,10992631,11679964,5922639,10992631,75517328,0,294939,4852264,5147203,294939,4852264,14,209410303,209410303,2101765498,2101765498,0,0,0,0,1093873,1093873,2102420,2102420,4294967295,4294967295,4294967295,4294967295,4294967295,4294967295,4294967295,4294967295
06/29/2022_15:07:22,5843565,0,5923583,10993575,11680908,5923583,10993575,75517328,0,294939,4852264,5147203,294939,4852264,12,209410303,209410303,2101765498,2101765498,0,0,0,0,1093873,1093873,2102420,2102420,4294967295,4294967295,4294967295,4294967295,4294967295,4294967295,4294967295,4294967295
06/29/2022_15:10:36,5843565,0,5924645,10994637,11681970,5924645,10994637,75517328,0,294939,4852264,5147203,294939,4852264,14,209410303,209410303,2101765498,2101765498,0,0,0,0,1093873,1093873,2102420,2102420,4294967295,4294967295,4294967295,4294967295,4294967295,4294967295,4294967295,4294967295
06/29/2022_15:13:50,5844785,0,5925589,10995581,11682914,5925589,10995581,75517498,0,294939,4852264,5147203,294939,4852264,14,209411523,209411523,2101765668,2101765668,0,0,0,0,1093875,1093875,2102422,2102422,4294967295,4294967295,4294967295,4294967295,4294967295,4294967295,4294967295,4294967295
06/29/2022_15:17:03,5844785,0,5926769,10996761,11684094,5926769,10996761,75517498,0,294939,4852264,5147203,294939,4852264,14,209411523,209411523,2101765668,2101765668,0,0,0,0,1093875,1093875,2102422,2102422,4294967295,4294967295,4294967295,4294967295,4294967295,4294967295,4294967295,4294967295
06/29/2022_15:20:17,5844994,0,5927595,10997587,11684920,5927595,10997587,75517668,0,294939,4852264,5147203,294939,4852264,12,209411732,209411732,2101765838,2101765838,0,0,0,0,1093877,1093877,2102424,2102424,4294967295,4294967295,4294967295,4294967295,4294967295,4294967295,4294967295,4294967295
06/29/2022_15:23:31,5844994,0,5928775,10998767,11686100,5928775,10998767,75517668,0,294939,4852264,5147203,294939,4852264,14,209411732,209411732,2101765838,2101765838,0,0,0,0,1093877,1093877,2102424,2102424,4294967295,4294967295,4294967295,4294967295,4294967295,4294967295,4294967295,4294967295
06/29/2022_15:26:44,5844994,0,5929601,10999593,11686926,5929601,10999593,75517668,0,294939,4852264,5147203,294939,4852264,13,209411732,209411732,2101765838,2101765838,0,0,0,0,1093877,1093877,2102424,2102424,4294967295,4294967295,4294967295,4294967295,4294967295,4294967295,4294967295,4294967295
06/29/2022_15:29:58,5846216,0,5930899,11000891,11688224,5930899,11000891,75517838,0,294939,4852264,5147203,294939,4852264,13,209412954,209412954,2101766008,2101766008,0,0,0,0,1093879,1093879,2102426,2102426,4294967295,4294967295,4294967295,4294967295,4294967295,4294967295,4294967295,4294967295
06/29/2022_15:33:12,5846216,0,5931843,11001835,11689168,5931843,11001835,75517838,0,294939,4852264,5147203,294939,4852264,17,209412954,209412954,2101766008,2101766008,0,0,0,0,1093879,1093879,2102426,2102426,4294967295,4294967295,4294967295,4294967295,4294967295,4294967295,4294967295,4294967295
06/29/2022_15:36:25,5846216,0,5933023,11003015,11690348,5933023,11003015,75517838,0,294939,4852264,5147203,294939,4852264,12,209412954,209412954,2101766008,2101766008,0,0,0,0,1093879,1093879,2102426,2102426,4294967295,4294967295,4294967295,4294967295,4294967295,4294967295,4294967295,4294967295
06/29/2022_15:39:39,5846216,0,5934321,11004313,11691646,5934321,11004313,75517838,0,294939,4852264,5147203,294939,4852264,12,209412954,209412954,2101766008,2101766008,0,0,0,0,1093879,1093879,2102426,2102426,4294967295,4294967295,4294967295,4294967295,4294967295,4294967295,4294967295,4294967295
06/29/2022_15:42:52,5846216,0,5935265,11005257,11692590,5935265,11005257,75517838,0,294939,4852264,5147203,294939,4852264,13,209412954,209412954,2101766008,2101766008,0,0,0,0,1093879,1093879,2102426,2102426,4294967295,4294967295,4294967295,4294967295,4294967295,4294967295,4294967295,4294967295
06/29/2022_15:46:06,5847436,0,5936445,11006437,11693770,5936445,11006437,75518008,0,294939,4852264,5147203,294939,4852264,15,209414174,209414174,2101766178,2101766178,0,0,0,0,1093881,1093881,2102428,2102428,4294967295,4294967295,4294967295,4294967295,4294967295,4294967295,4294967295,4294967295
06/29/2022_15:49:20,5847645,0,5937389,11007381,11694714,5937389,11007381,75518178,0,294939,4852264,5147203,294939,4852264,12,209414383,209414383,2101766348,2101766348,0,0,0,0,1093883,1093883,2102430,2102430,4294967295,4294967295,4294967295,4294967295,4294967295,4294967295,4294967295,4294967295
06/29/2022_15:52:33,5847645,0,5938451,11008443,11695776,5938451,11008443,75518322,0,294939,4852264,5147203,294939,4852264,12,209414383,209414383,2101766444,2101766444,0,0,0,0,1093883,1093883,2102431,2102431,4294967295,4294967295,4294967295,4294967295,4294967295,4294967295,4294967295,4294967295
06/29/2022_15:55:47,5847645,0,5939395,11009387,11696720,5939395,11009387,75518322,0,294939,4852264,5147203,294939,4852264,13,209414383,209414383,2101766444,2101766444,0,0,0,0,1093883,1093883,2102431,2102431,4294967295,4294967295,4294967295,4294967295,4294967295,4294967295,4294967295,4294967295
06/29/2022_15:59:01,5848865,0,5940575,11010567,11697900,5940575,11010567,75518492,0,294939,4852264,5147203,294939,4852264,14,209415603,209415603,2101766614,2101766614,0,0,0,0,1093885,1093885,2102433,2102433,4294967295,4294967295,4294967295,4294967295,4294967295,4294967295,4294967295,4294967295
06/29/2022_16:02:14,5848865,0,5941519,11011511,11698844,5941519,11011511,75518492,0,294939,4852264,5147203,294939,4852264,13,209415603,209415603,2101766614,2101766614,0,0,0,0,1093885,1093885,2102433,2102433,4294967295,4294967295,4294967295,4294967295,4294967295,4294967295,4294967295,4294967295
06/29/2022_16:05:28,5848865,0,5942699,11012691,11700024,5942699,11012691,75518492,0,294939,4852264,5147203,294939,4852264,12,209415603,209415603,2101766614,2101766614,0,0,0,0,1093885,1093885,2102433,2102433,4294967295,4294967295,4294967295,4294967295,4294967295,4294967295,4294967295,4294967295
06/29/2022_16:08:42,5848865,0,5943879,11013871,11701204,5943879,11013871,75518492,0,294939,4852264,5147203,294939,4852264,14,209415603,209415603,2101766614,2101766614,0,0,0,0,1093885,1093885,2102433,2102433,4294967295,4294967295,4294967295,4294967295,4294967295,4294967295,4294967295,4294967295
06/29/2022_16:11:55,5848865,0,5944705,11014697,11702030,5944705,11014697,75518492,0,294939,4852264,5147203,294939,4852264,13,209415603,209415603,2101766614,2101766614,0,0,0,0,1093885,1093885,2102433,2102433,4294967295,4294967295,4294967295,4294967295,4294967295,4294967295,4294967295,4294967295
06/29/2022_16:15:09,5850085,0,5945885,11015877,11703210,5945885,11015877,75518662,0,294939,4852264,5147203,294939,4852264,14,209416823,209416823,2101766784,2101766784,0,0,0,0,1093887,1093887,2102435,2102435,4294967295,4294967295,4294967295,4294967295,4294967295,4294967295,4294967295,4294967295
06/29/2022_16:18:23,5850294,0,5946711,11016703,11704036,5946711,11016703,75518832,0,294939,4852264,5147203,294939,4852264,14,209417032,209417032,2101766954,2101766954,0,0,0,0,1093889,1093889,2102437,2102437,4294967295,4294967295,4294967295,4294967295,4294967295,4294967295,4294967295,4294967295
06/29/2022_16:21:36,5850294,0,5947891,11017883,11705216,5947891,11017883,75518832,0,294939,4852264,5147203,294939,4852264,12,209417032,209417032,2101766954,2101766954,0,0,0,0,1093889,1093889,2102437,2102437,4294967295,4294967295,4294967295,4294967295,4294967295,4294967295,4294967295,4294967295
06/29/2022_16:24:50,5850294,0,5948835,11018827,11706160,5948835,11018827,75518832,0,294939,4852264,5147203,294939,4852264,13,209417032,209417032,2101766954,2101766954,0,0,0,0,1093889,1093889,2102437,2102437,4294967295,4294967295,4294967295,4294967295,4294967295,4294967295,4294967295,4294967295
06/29/2022_16:28:04,5850294,0,5950015,11020007,11707340,5950015,11020007,75518832,0,294939,4852264,5147203,294939,4852264,13,209417032,209417032,2101766954,2101766954,0,0,0,0,1093889,1093889,2102437,2102437,4294967295,4294967295,4294967295,4294967295,4294967295,4294967295,4294967295,4294967295
06/29/2022_16:31:17,5851515,0,5950841,11020833,11708166,5950841,11020833,75519002,0,294939,4852264,5147203,294939,4852264,14,209418253,209418253,2101767124,2101767124,0,0,0,0,1093891,1093891,2102439,2102439,4294967295,4294967295,4294967295,4294967295,4294967295,4294967295,4294967295,4294967295
06/29/2022_16:34:31,5851515,0,5952021,11022013,11709346,5952021,11022013,75519002,0,294939,4852264,5147203,294939,4852264,12,209418253,209418253,2101767124,2101767124,0,0,0,0,1093891,1093891,2102439,2102439,4294967295,4294967295,4294967295,4294967295,4294967295,4294967295,4294967295,4294967295
06/29/2022_16:37:45,5851515,0,5953201,11023193,11710526,5953201,11023193,75519002,0,294939,4852264,5147203,294939,4852264,14,209418253,209418253,2101767124,2101767124,0,0,0,0,1093891,1093891,2102439,2102439,4294967295,4294967295,4294967295,4294967295,4294967295,4294967295,4294967295,4294967295
06/29/2022_16:40:58,5851515,0,5954027,11024019,11711352,5954027,11024019,75519002,0,294939,4852264,5147203,294939,4852264,13,209418253,209418253,2101767124,2101767124,0,0,0,0,1093891,1093891,2102439,2102439,4294967295,4294967295,4294967295,4294967295,4294967295,4294967295,4294967295,4294967295
06/29/2022_16:44:12,5852944,0,5955325,11025317,11712650,5955325,11025317,75519342,0,294939,4852264,5147203,294939,4852264,15,209419682,209419682,2101767464,2101767464,0,0,0,0,1093895,1093895,2102443,2102443,4294967295,4294967295,4294967295,4294967295,4294967295,4294967295,4294967295,4294967295
06/29/2022_16:47:25,5852944,0,5956151,11026143,11713476,5956151,11026143,75519342,0,294939,4852264,5147203,294939,4852264,12,209419682,209419682,2101767464,2101767464,0,0,0,0,1093895,1093895,2102443,2102443,4294967295,4294967295,4294967295,4294967295,4294967295,4294967295,4294967295,4294967295
06/29/2022_16:50:39,5852944,0,5957449,11027441,11714774,5957449,11027441,75519342,0,294939,4852264,5147203,294939,4852264,13,209419682,209419682,2101767464,2101767464,0,0,0,0,1093895,1093895,2102443,2102443,4294967295,4294967295,4294967295,4294967295,4294967295,4294967295,4294967295,4294967295
06/29/2022_16:53:53,5852944,0,5958275,11028267,11715600,5958275,11028267,75519342,0,294939,4852264,5147203,294939,4852264,13,209419682,209419682,2101767464,2101767464,0,0,0,0,1093895,1093895,2102443,2102443,4294967295,4294967295,4294967295,4294967295,4294967295,4294967295,4294967295,4294967295
06/29/2022_16:57:06,5852944,0,5959573,11029565,11716898,5959573,11029565,75519342,0,294939,4852264,5147203,294939,4852264,13,209419682,209419682,2101767464,2101767464,0,0,0,0,1093895,1093895,2102443,2102443,4294967295,4294967295,4294967295,4294967295,4294967295,4294967295,4294967295,4294967295
06/29/2022_17:00:20,5854164,0,5960517,11030509,11717842,5960517,11030509,75519512,0,294939,4852264,5147203,294939,4852264,12,209420902,209420902,2101767634,2101767634,0,0,0,0,1093897,1093897,2102445,2102445,4294967295,4294967295,4294967295,4294967295,4294967295,4294967295,4294967295,4294967295
06/29/2022_17:03:33,5854164,0,5961815,11031807,11719140,5961815,11031807,75519512,0,294939,4852264,5147203,294939,4852264,14,209420902,209420902,2101767634,2101767634,0,0,0,0,1093897,1093897,2102445,2102445,4294967295,4294967295,4294967295,4294967295,4294967295,4294967295,4294967295,4294967295
06/29/2022_17:06:47,5854164,0,5962759,11032751,11720084,5962759,11032751,75519512,0,294939,4852264,5147203,294939,4852264,13,209420902,209420902,2101767634,2101767634,0,0,0,0,1093897,1093897,2102445,2102445,4294967295,4294967295,4294967295,4294967295,4294967295,4294967295,4294967295,4294967295
06/29/2022_17:10:01,5854164,0,5963939,11033931,11721264,5963939,11033931,75519512,0,294939,4852264,5147203,294939,4852264,13,209420902,209420902,2101767634,2101767634,0,0,0,0,1093897,1093897,2102445,2102445,4294967295,4294967295,4294967295,4294967295,4294967295,4294967295,4294967295,4294967295
06/29/2022_17:13:14,5854373,0,5965237,11035229,11722562,5965237,11035229,75519682,0,294939,4852264,5147203,294939,4852264,16,209421111,209421111,2101767804,2101767804,0,0,0,0,1093899,1093899,2102447,2102447,4294967295,4294967295,4294967295,4294967295,4294967295,4294967295,4294967295,4294967295
06/29/2022_17:16:28,5855593,0,5966063,11036055,11723388,5966063,11036055,75519852,0,294939,4852264,5147203,294939,4852264,13,209422331,209422331,2101767974,2101767974,0,0,0,0,1093901,1093901,2102449,2102449,4294967295,4294967295,4294967295,4294967295,4294967295,4294967295,4294967295,4294967295
06/29/2022_17:19:42,5855593,0,5967243,11037235,11724568,5967243,11037235,75519852,0,294939,4852264,5147203,294939,4852264,13,209422331,209422331,2101767974,2101767974,0,0,0,0,1093901,1093901,2102449,2102449,4294967295,4294967295,4294967295,4294967295,4294967295,4294967295,4294967295,4294967295
06/29/2022_17:22:55,5855593,0,5968187,11038179,11725512,5968187,11038179,75519852,0,294939,4852264,5147203,294939,4852264,13,209422331,209422331,2101767974,2101767974,0,0,0,0,1093901,1093901,2102449,2102449,4294967295,4294967295,4294967295,4294967295,4294967295,4294967295,4294967295,4294967295
06/29/2022_17:26:09,5855593,0,5969367,11039359,11726692,5969367,11039359,75519852,0,294939,4852264,5147203,294939,4852264,13,209422331,209422331,2101767974,2101767974,0,0,0,0,1093901,1093901,2102449,2102449,4294967295,4294967295,4294967295,4294967295,4294967295,4294967295,4294967295,4294967295
06/29/2022_17:29:23,5856813,0,5970193,11040185,11727518,5970193,11040185,75520022,0,294939,4852264,5147203,294939,4852264,13,209423551,209423551,2101768144,2101768144,0,0,0,0,1093903,1093903,2102451,2102451,4294967295,4294967295,4294967295,4294967295,4294967295,4294967295,4294967295,4294967295
06/29/2022_17:32:36,5856813,0,5971373,11041365,11728698,5971373,11041365,75520022,0,294939,4852264,5147203,294939,4852264,12,209423551,209423551,2101768144,2101768144,0,0,0,0,1093903,1093903,2102451,2102451,4294967295,4294967295,4294967295,4294967295,4294967295,4294967295,4294967295,4294967295
06/29/2022_17:35:50,5856813,0,5972553,11042545,11729878,5972553,11042545,75520022,0,294939,4852264,5147203,294939,4852264,14,209423551,209423551,2101768144,2101768144,0,0,0,0,1093903,1093903,2102451,2102451,4294967295,4294967295,4294967295,4294967295,4294967295,4294967295,4294967295,4294967295
06/29/2022_17:39:04,5856813,0,5973497,11043489,11730822,5973497,11043489,75520022,0,294939,4852264,5147203,294939,4852264,12,209423551,209423551,2101768144,2101768144,0,0,0,0,1093903,1093903,2102451,2102451,4294967295,4294967295,4294967295,4294967295,4294967295,4294967295,4294967295,4294967295
06/29/2022_17:42:17,5857022,0,5974677,11044669,11732002,5974677,11044669,75520192,0,294939,4852264,5147203,294939,4852264,14,209423760,209423760,2101768314,2101768314,0,0,0,0,1093905,1093905,2102453,2102453,4294967295,4294967295,4294967295,4294967295,4294967295,4294967295,4294967295,4294967295
06/29/2022_17:45:31,5858242,0,5975503,11045495,11732828,5975503,11045495,75520362,0,294939,4852264,5147203,294939,4852264,12,209424980,209424980,2101768484,2101768484,0,0,0,0,1093907,1093907,2102455,2102455,4294967295,4294967295,4294967295,4294967295,4294967295,4294967295,4294967295,4294967295
06/29/2022_17:48:45,5858242,0,5976683,11046675,11734008,5976683,11046675,75520362,0,294939,4852264,5147203,294939,4852264,13,209424980,209424980,2101768484,2101768484,0,0,0,0,1093907,1093907,2102455,2102455,4294967295,4294967295,4294967295,4294967295,4294967295,4294967295,4294967295,4294967295
06/29/2022_17:51:58,5858242,0,5977627,11047619,11734952,5977627,11047619,75520362,0,294939,4852264,5147203,294939,4852264,14,209424980,209424980,2101768484,2101768484,0,0,0,0,1093907,1093907,2102455,2102455,4294967295,4294967295,4294967295,4294967295,4294967295,4294967295,4294967295,4294967295
06/29/2022_17:55:12,5858242,0,5978689,11048681,11736014,5978689,11048681,75520362,0,294939,4852264,5147203,294939,4852264,13,209424980,209424980,2101768484,2101768484,0,0,0,0,1093907,1093907,2102455,2102455,4294967295,4294967295,4294967295,4294967295,4294967295,4294967295,4294967295,4294967295
06/29/2022_17:58:25,5858242,0,5979633,11049625,11736958,5979633,11049625,75520362,0,294939,4852264,5147203,294939,4852264,14,209424980,209424980,2101768484,2101768484,0,0,0,0,1093907,1093907,2102455,2102455,4294967295,4294967295,4294967295,4294967295,4294967295,4294967295,4294967295,4294967295
06/29/2022_18:01:39,5859462,0,5980813,11050805,11738138,5980813,11050805,75520532,0,294939,4852264,5147203,294939,4852264,13,209426200,209426200,2101768654,2101768654,0,0,0,0,1093909,1093909,2102457,2102457,4294967295,4294967295,4294967295,4294967295,4294967295,4294967295,4294967295,4294967295
06/29/2022_18:04:53,5859462,0,5981993,11051985,11739318,5981993,11051985,75520532,0,294939,4852264,5147203,294939,4852264,14,209426200,209426200,2101768654,2101768654,0,0,0,0,1093909,1093909,2102457,2102457,4294967295,4294967295,4294967295,4294967295,4294967295,4294967295,4294967295,4294967295
06/29/2022_18:08:06,5859671,0,5982937,11052929,11740262,5982937,11052929,75520702,0,294939,4852264,5147203,294939,4852264,15,209426409,209426409,2101768824,2101768824,0,0,0,0,1093911,1093911,2102459,2102459,4294967295,4294967295,4294967295,4294967295,4294967295,4294967295,4294967295,4294967295
06/29/2022_18:11:20,5859671,0,5984117,11054109,11741442,5984117,11054109,75520702,0,294939,4852264,5147203,294939,4852264,14,209426409,209426409,2101768824,2101768824,0,0,0,0,1093911,1093911,2102459,2102459,4294967295,4294967295,4294967295,4294967295,4294967295,4294967295,4294967295,4294967295
06/29/2022_18:14:34,5860891,0,5985061,11055053,11742386,5985061,11055053,75520872,0,294939,4852264,5147203,294939,4852264,12,209427629,209427629,2101768994,2101768994,0,0,0,0,1093913,1093913,2102461,2102461,4294967295,4294967295,4294967295,4294967295,4294967295,4294967295,4294967295,4294967295
06/29/2022_18:17:47,5860891,0,5986241,11056233,11743566,5986241,11056233,75520872,0,294939,4852264,5147203,294939,4852264,11,209427629,209427629,2101768994,2101768994,0,0,0,0,1093913,1093913,2102461,2102461,4294967295,4294967295,4294967295,4294967295,4294967295,4294967295,4294967295,4294967295
06/29/2022_18:21:01,5860891,0,5987067,11057059,11744392,5987067,11057059,75520872,0,294939,4852264,5147203,294939,4852264,13,209427629,209427629,2101768994,2101768994,0,0,0,0,1093913,1093913,2102461,2102461,4294967295,4294967295,4294967295,4294967295,4294967295,4294967295,4294967295,4294967295
06/29/2022_18:24:14,5860891,0,5988247,11058239,11745572,5988247,11058239,75520872,0,294939,4852264,5147203,294939,4852264,13,209427629,209427629,2101768994,2101768994,0,0,0,0,1093913,1093913,2102461,2102461,4294967295,4294967295,4294967295,4294967295,4294967295,4294967295,4294967295,4294967295
06/29/2022_18:27:28,5860891,0,5989191,11059183,11746516,5989191,11059183,75520872,0,294939,4852264,5147203,294939,4852264,12,209427629,209427629,2101768994,2101768994,0,0,0,0,1093913,1093913,2102461,2102461,4294967295,4294967295,4294967295,4294967295,4294967295,4294967295,4294967295,4294967295
06/29/2022_18:30:42,5862113,0,5990371,11060363,11747696,5990371,11060363,75520970,0,294939,4852264,5147203,294939,4852264,12,209428851,209428851,2101769092,2101769092,0,0,0,0,1093915,1093915,2102462,2102462,4294967295,4294967295,4294967295,4294967295,4294967295,4294967295,4294967295,4294967295
06/29/2022_18:33:55,5862113,0,5991551,11061543,11748876,5991551,11061543,75520970,0,294939,4852264,5147203,294939,4852264,14,209428851,209428851,2101769092,2101769092,0,0,0,0,1093915,1093915,2102462,2102462,4294967295,4294967295,4294967295,4294967295,4294967295,4294967295,4294967295,4294967295
06/29/2022_18:37:09,5862322,0,5992259,11062251,11749584,5992259,11062251,75521140,0,294939,4852264,5147203,294939,4852264,13,209429060,209429060,2101769262,2101769262,0,0,0,0,1093917,1093917,2102464,2102464,4294967295,4294967295,4294967295,4294967295,4294967295,4294967295,4294967295,4294967295
06/29/2022_18:40:22,5862322,0,5993557,11063549,11750882,5993557,11063549,75521140,0,294939,4852264,5147203,294939,4852264,14,209429060,209429060,2101769262,2101769262,0,0,0,0,1093917,1093917,2102464,2102464,4294967295,4294967295,4294967295,4294967295,4294967295,4294967295,4294967295,4294967295
06/29/2022_18:43:36,5862322,0,5994383,11064375,11751708,5994383,11064375,75521140,0,294939,4852264,5147203,294939,4852264,14,209429060,209429060,2101769262,2101769262,0,0,0,0,1093917,1093917,2102464,2102464,4294967295,4294967295,4294967295,4294967295,4294967295,4294967295,4294967295,4294967295
06/29/2022_18:46:50,5863544,0,5995563,11065555,11752888,5995563,11065555,75521310,0,294939,4852264,5147203,294939,4852264,13,209430282,209430282,2101769432,2101769432,0,0,0,0,1093919,1093919,2102466,2102466,4294967295,4294967295,4294967295,4294967295,4294967295,4294967295,4294967295,4294967295
06/29/2022_18:50:03,5863544,0,5996271,11066263,11753596,5996271,11066263,75521310,0,294939,4852264,5147203,294939,4852264,13,209430282,209430282,2101769432,2101769432,0,0,0,0,1093919,1093919,2102466,2102466,4294967295,4294967295,4294967295,4294967295,4294967295,4294967295,4294967295,4294967295
06/29/2022_18:53:17,5863544,0,5997569,11067561,11754894,5997569,11067561,75521310,0,294939,4852264,5147203,294939,4852264,15,209430282,209430282,2101769432,2101769432,0,0,0,0,1093919,1093919,2102466,2102466,4294967295,4294967295,4294967295,4294967295,4294967295,4294967295,4294967295,4294967295
06/29/2022_18:56:31,5863544,0,5998395,11068387,11755720,5998395,11068387,75521310,0,294939,4852264,5147203,294939,4852264,12,209430282,209430282,2101769432,2101769432,0,0,0,0,1093919,1093919,2102466,2102466,4294967295,4294967295,4294967295,4294967295,4294967295,4294967295,4294967295,4294967295
06/29/2022_18:59:44,5864764,0,5999693,11069685,11757018,5999693,11069685,75521480,0,294939,4852264,5147203,294939,4852264,12,209431502,209431502,2101769602,2101769602,0,0,0,0,1093921,1093921,2102468,2102468,4294967295,4294967295,4294967295,4294967295,4294967295,4294967295,4294967295,4294967295
06/29/2022_19:02:58,5864764,0,6000637,11070629,11757962,6000637,11070629,75521480,0,294939,4852264,5147203,294939,4852264,13,209431502,209431502,2101769602,2101769602,0,0,0,0,1093921,1093921,2102468,2102468,4294967295,4294967295,4294967295,4294967295,4294967295,4294967295,4294967295,4294967295
06/29/2022_19:06:11,5864973,0,6001817,11071809,11759142,6001817,11071809,75521650,0,294939,4852264,5147203,294939,4852264,13,209431711,209431711,2101769772,2101769772,0,0,0,0,1093923,1093923,2102470,2102470,4294967295,4294967295,4294967295,4294967295,4294967295,4294967295,4294967295,4294967295
06/29/2022_19:09:25,5864973,0,6003115,11073107,11760440,6003115,11073107,75521650,0,294939,4852264,5147203,294939,4852264,14,209431711,209431711,2101769772,2101769772,0,0,0,0,1093923,1093923,2102470,2102470,4294967295,4294967295,4294967295,4294967295,4294967295,4294967295,4294967295,4294967295
06/29/2022_19:12:39,5864973,0,6003941,11073933,11761266,6003941,11073933,75521650,0,294939,4852264,5147203,294939,4852264,12,209431711,209431711,2101769772,2101769772,0,0,0,0,1093923,1093923,2102470,2102470,4294967295,4294967295,4294967295,4294967295,4294967295,4294967295,4294967295,4294967295
06/29/2022_19:15:52,5866195,0,6005121,11075113,11762446,6005121,11075113,75521820,0,294939,4852264,5147203,294939,4852264,14,209432933,209432933,2101769942,2101769942,0,0,0,0,1093925,1093925,2102472,2102472,4294967295,4294967295,4294967295,4294967295,4294967295,4294967295,4294967295,4294967295
06/29/2022_19:19:06,5866195,0,6005947,11075939,11763272,6005947,11075939,75521820,0,294939,4852264,5147203,294939,4852264,13,209432933,209432933,2101769942,2101769942,0,0,0,0,1093925,1093925,2102472,2102472,4294967295,4294967295,4294967295,4294967295,4294967295,4294967295,4294967295,4294967295
06/29/2022_19:22:20,5866195,0,6007127,11077119,11764452,6007127,11077119,75521820,0,294939,4852264,5147203,294939,4852264,15,209432933,209432933,2101769942,2101769942,0,0,0,0,1093925,1093925,2102472,2102472,4294967295,4294967295,4294967295,4294967295,4294967295,4294967295,4294967295,4294967295
06/29/2022_19:25:33,5866195,0,6007953,11077945,11765278,6007953,11077945,75521820,0,294939,4852264,5147203,294939,4852264,12,209432933,209432933,2101769942,2101769942,0,0,0,0,1093925,1093925,2102472,2102472,4294967295,4294967295,4294967295,4294967295,4294967295,4294967295,4294967295,4294967295
06/29/2022_19:28:47,5867415,0,6009251,11079243,11766576,6009251,11079243,75521990,0,294939,4852264,5147203,294939,4852264,13,209434153,209434153,2101770112,2101770112,0,0,0,0,1093927,1093927,2102474,2102474,4294967295,4294967295,4294967295,4294967295,4294967295,4294967295,4294967295,4294967295
06/29/2022_19:32:01,5867624,0,6010077,11080069,11767402,6010077,11080069,75522160,0,294939,4852264,5147203,294939,4852264,14,209434362,209434362,2101770282,2101770282,0,0,0,0,1093929,1093929,2102476,2102476,4294967295,4294967295,4294967295,4294967295,4294967295,4294967295,4294967295,4294967295
06/29/2022_19:35:14,5867624,0,6011375,11081367,11768700,6011375,11081367,75522160,0,294939,4852264,5147203,294939,4852264,13,209434362,209434362,2101770282,2101770282,0,0,0,0,1093929,1093929,2102476,2102476,4294967295,4294967295,4294967295,4294967295,4294967295,4294967295,4294967295,4294967295
06/29/2022_19:38:28,5867624,0,6012437,11082429,11769762,6012437,11082429,75522160,0,294939,4852264,5147203,294939,4852264,15,209434362,209434362,2101770282,2101770282,0,0,0,0,1093929,1093929,2102476,2102476,4294967295,4294967295,4294967295,4294967295,4294967295,4294967295,4294967295,4294967295
06/29/2022_19:41:42,5867624,0,6013617,11083609,11770942,6013617,11083609,75522160,0,294939,4852264,5147203,294939,4852264,12,209434362,209434362,2101770282,2101770282,0,0,0,0,1093929,1093929,2102476,2102476,4294967295,4294967295,4294967295,4294967295,4294967295,4294967295,4294967295,4294967295
06/29/2022_19:44:55,5868844,0,6014915,11084907,11772240,6014915,11084907,75522330,0,294939,4852264,5147203,294939,4852264,14,209435582,209435582,2101770452,2101770452,0,0,0,0,1093931,1093931,2102478,2102478,4294967295,4294967295,4294967295,4294967295,4294967295,4294967295,4294967295,4294967295
06/29/2022_19:48:09,5868844,0,6015741,11085733,11773066,6015741,11085733,75522330,0,294939,4852264,5147203,294939,4852264,15,209435582,209435582,2101770452,2101770452,0,0,0,0,1093931,1093931,2102478,2102478,4294967295,4294967295,4294967295,4294967295,4294967295,4294967295,4294967295,4294967295
06/29/2022_19:51:22,5868844,0,6016921,11086913,11774246,6016921,11086913,75522330,0,294939,4852264,5147203,294939,4852264,14,209435582,209435582,2101770452,2101770452,0,0,0,0,1093931,1093931,2102478,2102478,4294967295,4294967295,4294967295,4294967295,4294967295,4294967295,4294967295,4294967295
06/29/2022_19:54:36,5868844,0,6017747,11087739,11775072,6017747,11087739,75522330,0,294939,4852264,5147203,294939,4852264,12,209435582,209435582,2101770452,2101770452,0,0,0,0,1093931,1093931,2102478,2102478,4294967295,4294967295,4294967295,4294967295,4294967295,4294967295,4294967295,4294967295
06/29/2022_19:57:50,5868844,0,6018927,11088919,11776252,6018927,11088919,75522330,0,294939,4852264,5147203,294939,4852264,12,209435582,209435582,2101770452,2101770452,0,0,0,0,1093931,1093931,2102478,2102478,4294967295,4294967295,4294967295,4294967295,4294967295,4294967295,4294967295,4294967295
06/29/2022_20:01:03,5870273,0,6019753,11089745,11777078,6019753,11089745,75522670,0,294939,4852264,5147203,294939,4852264,13,209437011,209437011,2101770792,2101770792,0,0,0,0,1093935,1093935,2102482,2102482,4294967295,4294967295,4294967295,4294967295,4294967295,4294967295,4294967295,4294967295
06/29/2022_20:04:17,5870273,0,6020933,11090925,11778258,6020933,11090925,75522670,0,294939,4852264,5147203,294939,4852264,13,209437011,209437011,2101770792,2101770792,0,0,0,0,1093935,1093935,2102482,2102482,4294967295,4294967295,4294967295,4294967295,4294967295,4294967295,4294967295,4294967295
06/29/2022_20:07:31,5870273,0,6021759,11091751,11779084,6021759,11091751,75522670,0,294939,4852264,5147203,294939,4852264,13,209437011,209437011,2101770792,2101770792,0,0,0,0,1093935,1093935,2102482,2102482,4294967295,4294967295,4294967295,4294967295,4294967295,4294967295,4294967295,4294967295
06/29/2022_20:10:44,5870273,0,6022939,11092931,11780264,6022939,11092931,75522670,0,294939,4852264,5147203,294939,4852264,12,209437011,209437011,2101770792,2101770792,0,0,0,0,1093935,1093935,2102482,2102482,4294967295,4294967295,4294967295,4294967295,4294967295,4294967295,4294967295,4294967295
06/29/2022_20:13:58,5871493,0,6024237,11094229,11781562,6024237,11094229,75522840,0,294939,4852264,5147203,294939,4852264,14,209438231,209438231,2101770962,2101770962,0,0,0,0,1093937,1093937,2102484,2102484,4294967295,4294967295,4294967295,4294967295,4294967295,4294967295,4294967295,4294967295
06/29/2022_20:17:12,5871493,0,6025063,11095055,11782388,6025063,11095055,75522840,0,294939,4852264,5147203,294939,4852264,13,209438231,209438231,2101770962,2101770962,0,0,0,0,1093937,1093937,2102484,2102484,4294967295,4294967295,4294967295,4294967295,4294967295,4294967295,4294967295,4294967295
06/29/2022_20:20:25,5871493,0,6026361,11096353,11783686,6026361,11096353,75522840,0,294939,4852264,5147203,294939,4852264,14,209438231,209438231,2101770962,2101770962,0,0,0,0,1093937,1093937,2102484,2102484,4294967295,4294967295,4294967295,4294967295,4294967295,4294967295,4294967295,4294967295
06/29/2022_20:23:39,5871493,0,6027187,11097179,11784512,6027187,11097179,75522840,0,294939,4852264,5147203,294939,4852264,14,209438231,209438231,2101770962,2101770962,0,0,0,0,1093937,1093937,2102484,2102484,4294967295,4294967295,4294967295,4294967295,4294967295,4294967295,4294967295,4294967295
06/29/2022_20:26:53,5871493,0,6028485,11098477,11785810,6028485,11098477,75522840,0,294939,4852264,5147203,294939,4852264,12,209438231,209438231,2101770962,2101770962,0,0,0,0,1093937,1093937,2102484,2102484,4294967295,4294967295,4294967295,4294967295,4294967295,4294967295,4294967295,4294967295
06/29/2022_20:30:06,5872922,0,6029429,11099421,11786754,6029429,11099421,75523180,0,294939,4852264,5147203,294939,4852264,13,209439660,209439660,2101771302,2101771302,0,0,0,0,1093941,1093941,2102488,2102488,4294967295,4294967295,4294967295,4294967295,4294967295,4294967295,4294967295,4294967295
06/29/2022_20:33:20,5872922,0,6030609,11100601,11787934,6030609,11100601,75523180,0,294939,4852264,5147203,294939,4852264,15,209439660,209439660,2101771302,2101771302,0,0,0,0,1093941,1093941,2102488,2102488,4294967295,4294967295,4294967295,4294967295,4294967295,4294967295,4294967295,4294967295
06/29/2022_20:36:34,5872922,0,6031553,11101545,11788878,6031553,11101545,75523180,0,294939,4852264,5147203,294939,4852264,12,209439660,209439660,2101771302,2101771302,0,0,0,0,1093941,1093941,2102488,2102488,4294967295,4294967295,4294967295,4294967295,4294967295,4294967295,4294967295,4294967295
06/29/2022_20:39:48,5872922,0,6032733,11102725,11790058,6032733,11102725,75523180,0,294939,4852264,5147203,294939,4852264,12,209439660,209439660,2101771302,2101771302,0,0,0,0,1093941,1093941,2102488,2102488,4294967295,4294967295,4294967295,4294967295,4294967295,4294967295,4294967295,4294967295
06/29/2022_20:43:01,5872922,0,6033913,11103905,11791238,6033913,11103905,75523180,0,294939,4852264,5147203,294939,4852264,14,209439660,209439660,2101771302,2101771302,0,0,0,0,1093941,1093941,2102488,2102488,4294967295,4294967295,4294967295,4294967295,4294967295,4294967295,4294967295,4294967295
06/29/2022_20:46:15,5874142,0,6034739,11104731,11792064,6034739,11104731,75523278,0,294939,4852264,5147203,294939,4852264,13,209440880,209440880,2101771400,2101771400,0,0,0,0,1093943,1093943,2102489,2102489,4294967295,4294967295,4294967295,4294967295,4294967295,4294967295,4294967295,4294967295
06/29/2022_20:49:28,5874142,0,6036037,11106029,11793362,6036037,11106029,75523278,0,294939,4852264,5147203,294939,4852264,14,209440880,209440880,2101771400,2101771400,0,0,0,0,1093943,1093943,2102489,2102489,4294967295,4294967295,4294967295,4294967295,4294967295,4294967295,4294967295,4294967295
06/29/2022_20:52:42,5874142,0,6036863,11106855,11794188,6036863,11106855,75523278,0,294939,4852264,5147203,294939,4852264,13,209440880,209440880,2101771400,2101771400,0,0,0,0,1093943,1093943,2102489,2102489,4294967295,4294967295,4294967295,4294967295,4294967295,4294967295,4294967295,4294967295
06/29/2022_20:55:56,5874351,0,6038043,11108035,11795368,6038043,11108035,75523376,0,294939,4852264,5147203,294939,4852264,12,209441089,209441089,2101771498,2101771498,0,0,0,0,1093945,1093945,2102490,2102490,4294967295,4294967295,4294967295,4294967295,4294967295,4294967295,4294967295,4294967295
06/29/2022_20:59:09,5875572,0,6038869,11108861,11796194,6038869,11108861,75523546,0,294939,4852264,5147203,294939,4852264,14,209442310,209442310,2101771668,2101771668,0,0,0,0,1093947,1093947,2102492,2102492,4294967295,4294967295,4294967295,4294967295,4294967295,4294967295,4294967295,4294967295
06/29/2022_21:02:23,5875572,0,6040049,11110041,11797374,6040049,11110041,75523546,0,294939,4852264,5147203,294939,4852264,13,209442310,209442310,2101771668,2101771668,0,0,0,0,1093947,1093947,2102492,2102492,4294967295,4294967295,4294967295,4294967295,4294967295,4294967295,4294967295,4294967295
06/29/2022_21:05:37,5875572,0,6040875,11110867,11798200,6040875,11110867,75523546,0,294939,4852264,5147203,294939,4852264,12,209442310,209442310,2101771668,2101771668,0,0,0,0,1093947,1093947,2102492,2102492,4294967295,4294967295,4294967295,4294967295,4294967295,4294967295,4294967295,4294967295
06/29/2022_21:08:51,5875572,0,6042055,11112047,11799380,6042055,11112047,75523546,0,294939,4852264,5147203,294939,4852264,12,209442310,209442310,2101771668,2101771668,0,0,0,0,1093947,1093947,2102492,2102492,4294967295,4294967295,4294967295,4294967295,4294967295,4294967295,4294967295,4294967295
06/29/2022_21:12:04,5875572,0,6042881,11112873,11800206,6042881,11112873,75523546,0,294939,4852264,5147203,294939,4852264,13,209442310,209442310,2101771668,2101771668,0,0,0,0,1093947,1093947,2102492,2102492,4294967295,4294967295,4294967295,4294967295,4294967295,4294967295,4294967295,4294967295
06/29/2022_21:15:18,5876792,0,6044061,11114053,11801386,6044061,11114053,75523716,0,294939,4852264,5147203,294939,4852264,12,209443530,209443530,2101771838,2101771838,0,0,0,0,1093949,1093949,2102494,2102494,4294967295,4294967295,4294967295,4294967295,4294967295,4294967295,4294967295,4294967295
06/29/2022_21:18:31,5876792,0,6045359,11115351,11802684,6045359,11115351,75523716,0,294939,4852264,5147203,294939,4852264,17,209443530,209443530,2101771838,2101771838,0,0,0,0,1093949,1093949,2102494,2102494,4294967295,4294967295,4294967295,4294967295,4294967295,4294967295,4294967295,4294967295
06/29/2022_21:21:45,5876792,0,6046185,11116177,11803510,6046185,11116177,75523716,0,294939,4852264,5147203,294939,4852264,12,209443530,209443530,2101771838,2101771838,0,0,0,0,1093949,1093949,2102494,2102494,4294967295,4294967295,4294967295,4294967295,4294967295,4294967295,4294967295,4294967295
06/29/2022_21:24:59,5877001,0,6047365,11117357,11804690,6047365,11117357,75523886,0,294939,4852264,5147203,294939,4852264,13,209443739,209443739,2101772008,2101772008,0,0,0,0,1093951,1093951,2102496,2102496,4294967295,4294967295,4294967295,4294967295,4294967295,4294967295,4294967295,4294967295
06/29/2022_21:28:12,5877001,0,6048309,11118301,11805634,6048309,11118301,75523886,0,294939,4852264,5147203,294939,4852264,16,209443739,209443739,2101772008,2101772008,0,0,0,0,1093951,1093951,2102496,2102496,4294967295,4294967295,4294967295,4294967295,4294967295,4294967295,4294967295,4294967295
06/29/2022_21:31:26,5878221,0,6049489,11119481,11806814,6049489,11119481,75524056,0,294939,4852264,5147203,294939,4852264,13,209444959,209444959,2101772178,2101772178,0,0,0,0,1093953,1093953,2102498,2102498,4294967295,4294967295,4294967295,4294967295,4294967295,4294967295,4294967295,4294967295
06/29/2022_21:34:40,5878221,0,6050315,11120307,11807640,6050315,11120307,75524056,0,294939,4852264,5147203,294939,4852264,11,209444959,209444959,2101772178,2101772178,0,0,0,0,1093953,1093953,2102498,2102498,4294967295,4294967295,4294967295,4294967295,4294967295,4294967295,4294967295,4294967295
06/29/2022_21:37:53,5878221,0,6051613,11121605,11808938,6051613,11121605,75524056,0,294939,4852264,5147203,294939,4852264,13,209444959,209444959,2101772178,2101772178,0,0,0,0,1093953,1093953,2102498,2102498,4294967295,4294967295,4294967295,4294967295,4294967295,4294967295,4294967295,4294967295
06/29/2022_21:41:07,5878221,0,6052557,11122549,11809882,6052557,11122549,75524056,0,294939,4852264,5147203,294939,4852264,14,209444959,209444959,2101772178,2101772178,0,0,0,0,1093953,1093953,2102498,2102498,4294967295,4294967295,4294967295,4294967295,4294967295,4294967295,4294967295,4294967295
06/29/2022_21:44:21,5879443,0,6053501,11123493,11810826,6053501,11123493,75524226,0,294939,4852264,5147203,294939,4852264,13,209446181,209446181,2101772348,2101772348,0,0,0,0,1093955,1093955,2102500,2102500,4294967295,4294967295,4294967295,4294967295,4294967295,4294967295,4294967295,4294967295
06/29/2022_21:47:34,5879443,0,6054799,11124791,11812124,6054799,11124791,75524226,0,294939,4852264,5147203,294939,4852264,14,209446181,209446181,2101772348,2101772348,0,0,0,0,1093955,1093955,2102500,2102500,4294967295,4294967295,4294967295,4294967295,4294967295,4294967295,4294967295,4294967295
06/29/2022_21:50:48,5879443,0,6055743,11125735,11813068,6055743,11125735,75524226,0,294939,4852264,5147203,294939,4852264,12,209446181,209446181,2101772348,2101772348,0,0,0,0,1093955,1093955,2102500,2102500,4294967295,4294967295,4294967295,4294967295,4294967295,4294967295,4294967295,4294967295
06/29/2022_21:54:01,5879736,0,6056923,11126915,11814248,6056923,11126915,75524494,0,294939,4852264,5147203,294939,4852264,14,209446474,209446474,2101772616,2101772616,0,0,0,0,1093958,1093958,2102503,2102503,4294967295,4294967295,4294967295,4294967295,4294967295,4294967295,4294967295,4294967295
06/29/2022_21:57:15,5879736,0,6057749,11127741,11815074,6057749,11127741,75524638,0,294939,4852264,5147203,294939,4852264,13,209446474,209446474,2101772712,2101772712,0,0,0,0,1093958,1093958,2102504,2102504,4294967295,4294967295,4294967295,4294967295,4294967295,4294967295,4294967295,4294967295
06/29/2022_22:00:29,5880956,0,6059047,11129039,11816372,6059047,11129039,75524808,0,294939,4852264,5147203,294939,4852264,13,209447694,209447694,2101772882,2101772882,0,0,0,0,1093960,1093960,2102506,2102506,4294967295,4294967295,4294967295,4294967295,4294967295,4294967295,4294967295,4294967295
06/29/2022_22:03:42,5880956,0,6059991,11129983,11817316,6059991,11129983,75524808,0,294939,4852264,5147203,294939,4852264,13,209447694,209447694,2101772882,2101772882,0,0,0,0,1093960,1093960,2102506,2102506,4294967295,4294967295,4294967295,4294967295,4294967295,4294967295,4294967295,4294967295
06/29/2022_22:06:56,5880956,0,6061171,11131163,11818496,6061171,11131163,75524808,0,294939,4852264,5147203,294939,4852264,12,209447694,209447694,2101772882,2101772882,0,0,0,0,1093960,1093960,2102506,2102506,4294967295,4294967295,4294967295,4294967295,4294967295,4294967295,4294967295,4294967295
06/29/2022_22:10:10,5880956,0,6062469,11132461,11819794,6062469,11132461,75524808,0,294939,4852264,5147203,294939,4852264,14,209447694,209447694,2101772882,2101772882,0,0,0,0,1093960,1093960,2102506,2102506,4294967295,4294967295,4294967295,4294967295,4294967295,4294967295,4294967295,4294967295
06/29/2022_22:13:23,5880956,0,6063295,11133287,11820620,6063295,11133287,75524808,0,294939,4852264,5147203,294939,4852264,15,209447694,209447694,2101772882,2101772882,0,0,0,0,1093960,1093960,2102506,2102506,4294967295,4294967295,4294967295,4294967295,4294967295,4294967295,4294967295,4294967295
06/29/2022_22:16:37,5882177,0,6064475,11134467,11821800,6064475,11134467,75524978,0,294939,4852264,5147203,294939,4852264,13,209448915,209448915,2101773052,2101773052,0,0,0,0,1093962,1093962,2102508,2102508,4294967295,4294967295,4294967295,4294967295,4294967295,4294967295,4294967295,4294967295
06/29/2022_22:19:51,5882386,0,6065301,11135293,11822626,6065301,11135293,75525148,0,294939,4852264,5147203,294939,4852264,12,209449124,209449124,2101773222,2101773222,0,0,0,0,1093964,1093964,2102510,2102510,4294967295,4294967295,4294967295,4294967295,4294967295,4294967295,4294967295,4294967295
06/29/2022_22:23:04,5882386,0,6066599,11136591,11823924,6066599,11136591,75525148,0,294939,4852264,5147203,294939,4852264,15,209449124,209449124,2101773222,2101773222,0,0,0,0,1093964,1093964,2102510,2102510,4294967295,4294967295,4294967295,4294967295,4294967295,4294967295,4294967295,4294967295
06/29/2022_22:26:18,5882386,0,6067307,11137299,11824632,6067307,11137299,75525148,0,294939,4852264,5147203,294939,4852264,13,209449124,209449124,2101773222,2101773222,0,0,0,0,1093964,1093964,2102510,2102510,4294967295,4294967295,4294967295,4294967295,4294967295,4294967295,4294967295,4294967295
06/29/2022_22:29:31,5884754,0,6068605,11138597,11825930,6068605,11138597,75525402,0,294939,4852264,5147203,294939,4852264,15,209451492,209451492,2101773476,2101773476,0,0,0,0,1093967,1093967,2102513,2102513,4294967295,4294967295,4294967295,4294967295,4294967295,4294967295,4294967295,4294967295
06/29/2022_22:32:45,5884754,0,6069431,11139423,11826756,6069431,11139423,75525402,0,294939,4852264,5147203,294939,4852264,11,209451492,209451492,2101773476,2101773476,0,0,0,0,1093967,1093967,2102513,2102513,4294967295,4294967295,4294967295,4294967295,4294967295,4294967295,4294967295,4294967295
06/29/2022_22:35:59,5884754,0,6070611,11140603,11827936,6070611,11140603,75525402,0,294939,4852264,5147203,294939,4852264,12,209451492,209451492,2101773476,2101773476,0,0,0,0,1093967,1093967,2102513,2102513,4294967295,4294967295,4294967295,4294967295,4294967295,4294967295,4294967295,4294967295
06/29/2022_22:39:12,5884754,0,6071555,11141547,11828880,6071555,11141547,75525402,0,294939,4852264,5147203,294939,4852264,13,209451492,209451492,2101773476,2101773476,0,0,0,0,1093967,1093967,2102513,2102513,4294967295,4294967295,4294967295,4294967295,4294967295,4294967295,4294967295,4294967295
06/29/2022_22:42:26,5884754,0,6072853,11142845,11830178,6072853,11142845,75525402,0,294939,4852264,5147203,294939,4852264,13,209451492,209451492,2101773476,2101773476,0,0,0,0,1093967,1093967,2102513,2102513,4294967295,4294967295,4294967295,4294967295,4294967295,4294967295,4294967295,4294967295
06/29/2022_22:45:39,5885974,0,6074033,11144025,11831358,6074033,11144025,75525572,0,294939,4852264,5147203,294939,4852264,13,209452712,209452712,2101773646,2101773646,0,0,0,0,1093969,1093969,2102515,2102515,4294967295,4294967295,4294967295,4294967295,4294967295,4294967295,4294967295,4294967295
06/29/2022_22:48:53,5886183,0,6074859,11144851,11832184,6074859,11144851,75525742,0,294939,4852264,5147203,294939,4852264,13,209452921,209452921,2101773816,2101773816,0,0,0,0,1093971,1093971,2102517,2102517,4294967295,4294967295,4294967295,4294967295,4294967295,4294967295,4294967295,4294967295
06/29/2022_22:52:07,5886183,0,6076039,11146031,11833364,6076039,11146031,75525742,0,294939,4852264,5147203,294939,4852264,14,209452921,209452921,2101773816,2101773816,0,0,0,0,1093971,1093971,2102517,2102517,4294967295,4294967295,4294967295,4294967295,4294967295,4294967295,4294967295,4294967295
06/29/2022_22:55:21,5886183,0,6076865,11146857,11834190,6076865,11146857,75525742,0,294939,4852264,5147203,294939,4852264,12,209452921,209452921,2101773816,2101773816,0,0,0,0,1093971,1093971,2102517,2102517,4294967295,4294967295,4294967295,4294967295,4294967295,4294967295,4294967295,4294967295
06/29/2022_22:58:34,5886183,0,6078163,11148155,11835488,6078163,11148155,75525742,0,294939,4852264,5147203,294939,4852264,17,209452921,209452921,2101773816,2101773816,0,0,0,0,1093971,1093971,2102517,2102517,4294967295,4294967295,4294967295,4294967295,4294967295,4294967295,4294967295,4294967295
06/29/2022_23:01:48,5887403,0,6078989,11148981,11836314,6078989,11148981,75525912,0,294939,4852264,5147203,294939,4852264,12,209454141,209454141,2101773986,2101773986,0,0,0,0,1093973,1093973,2102519,2102519,4294967295,4294967295,4294967295,4294967295,4294967295,4294967295,4294967295,4294967295
06/29/2022_23:05:01,5887403,0,6080287,11150279,11837612,6080287,11150279,75525912,0,294939,4852264,5147203,294939,4852264,13,209454141,209454141,2101773986,2101773986,0,0,0,0,1093973,1093973,2102519,2102519,4294967295,4294967295,4294967295,4294967295,4294967295,4294967295,4294967295,4294967295
06/29/2022_23:08:15,5887403,0,6081113,11151105,11838438,6081113,11151105,75525912,0,294939,4852264,5147203,294939,4852264,16,209454141,209454141,2101773986,2101773986,0,0,0,0,1093973,1093973,2102519,2102519,4294967295,4294967295,4294967295,4294967295,4294967295,4294967295,4294967295,4294967295
06/29/2022_23:11:29,5887403,0,6082175,11152167,11839500,6082175,11152167,75525912,0,294939,4852264,5147203,294939,4852264,13,209454141,209454141,2101773986,2101773986,0,0,0,0,1093973,1093973,2102519,2102519,4294967295,4294967295,4294967295,4294967295,4294967295,4294967295,4294967295,4294967295
06/29/2022_23:14:42,5888623,0,6083001,11152993,11840326,6083001,11152993,75526082,0,294939,4852264,5147203,294939,4852264,12,209455361,209455361,2101774156,2101774156,0,0,0,0,1093975,1093975,2102521,2102521,4294967295,4294967295,4294967295,4294967295,4294967295,4294967295,4294967295,4294967295
06/29/2022_23:17:56,5888832,0,6084181,11154173,11841506,6084181,11154173,75526180,0,294939,4852264,5147203,294939,4852264,12,209455570,209455570,2101774254,2101774254,0,0,0,0,1093977,1093977,2102522,2102522,4294967295,4294967295,4294967295,4294967295,4294967295,4294967295,4294967295,4294967295
06/29/2022_23:21:10,5888832,0,6085479,11155471,11842804,6085479,11155471,75526180,0,294939,4852264,5147203,294939,4852264,14,209455570,209455570,2101774254,2101774254,0,0,0,0,1093977,1093977,2102522,2102522,4294967295,4294967295,4294967295,4294967295,4294967295,4294967295,4294967295,4294967295
06/29/2022_23:24:23,5888832,0,6086305,11156297,11843630,6086305,11156297,75526180,0,294939,4852264,5147203,294939,4852264,13,209455570,209455570,2101774254,2101774254,0,0,0,0,1093977,1093977,2102522,2102522,4294967295,4294967295,4294967295,4294967295,4294967295,4294967295,4294967295,4294967295
06/29/2022_23:27:37,5888832,0,6087485,11157477,11844810,6087485,11157477,75526180,0,294939,4852264,5147203,294939,4852264,14,209455570,209455570,2101774254,2101774254,0,0,0,0,1093977,1093977,2102522,2102522,4294967295,4294967295,4294967295,4294967295,4294967295,4294967295,4294967295,4294967295
06/29/2022_23:30:51,5890052,0,6088429,11158421,11845754,6088429,11158421,75526350,0,294939,4852264,5147203,294939,4852264,12,209456790,209456790,2101774424,2101774424,0,0,0,0,1093979,1093979,2102524,2102524,4294967295,4294967295,4294967295,4294967295,4294967295,4294967295,4294967295,4294967295
06/29/2022_23:34:04,5890052,0,6089727,11159719,11847052,6089727,11159719,75526350,0,294939,4852264,5147203,294939,4852264,14,209456790,209456790,2101774424,2101774424,0,0,0,0,1093979,1093979,2102524,2102524,4294967295,4294967295,4294967295,4294967295,4294967295,4294967295,4294967295,4294967295
06/29/2022_23:37:18,5890052,0,6090553,11160545,11847878,6090553,11160545,75526350,0,294939,4852264,5147203,294939,4852264,13,209456790,209456790,2101774424,2101774424,0,0,0,0,1093979,1093979,2102524,2102524,4294967295,4294967295,4294967295,4294967295,4294967295,4294967295,4294967295,4294967295
06/29/2022_23:40:31,5890052,0,6091615,11161607,11848940,6091615,11161607,75526350,0,294939,4852264,5147203,294939,4852264,13,209456790,209456790,2101774424,2101774424,0,0,0,0,1093979,1093979,2102524,2102524,4294967295,4294967295,4294967295,4294967295,4294967295,4294967295,4294967295,4294967295
06/29/2022_23:43:45,5891481,0,6092441,11162433,11849766,6092441,11162433,75526690,0,294939,4852264,5147203,294939,4852264,14,209458219,209458219,2101774764,2101774764,0,0,0,0,1093983,1093983,2102528,2102528,4294967295,4294967295,4294967295,4294967295,4294967295,4294967295,4294967295,4294967295
06/29/2022_23:46:59,5891481,0,6093621,11163613,11850946,6093621,11163613,75526690,0,294939,4852264,5147203,294939,4852264,12,209458219,209458219,2101774764,2101774764,0,0,0,0,1093983,1093983,2102528,2102528,4294967295,4294967295,4294967295,4294967295,4294967295,4294967295,4294967295,4294967295
06/29/2022_23:50:12,5891481,0,6094801,11164793,11852126,6094801,11164793,75526690,0,294939,4852264,5147203,294939,4852264,14,209458219,209458219,2101774764,2101774764,0,0,0,0,1093983,1093983,2102528,2102528,4294967295,4294967295,4294967295,4294967295,4294967295,4294967295,4294967295,4294967295
06/29/2022_23:53:26,5891481,0,6095745,11165737,11853070,6095745,11165737,75526690,0,294939,4852264,5147203,294939,4852264,15,209458219,209458219,2101774764,2101774764,0,0,0,0,1093983,1093983,2102528,2102528,4294967295,4294967295,4294967295,4294967295,4294967295,4294967295,4294967295,4294967295
06/29/2022_23:56:40,5891481,0,6096925,11166917,11854250,6096925,11166917,75526690,0,294939,4852264,5147203,294939,4852264,13,209458219,209458219,2101774764,2101774764,0,0,0,0,1093983,1093983,2102528,2102528,4294967295,4294967295,4294967295,4294967295,4294967295,4294967295,4294967295,4294967295
06/29/2022_23:59:53,5892701,0,6097869,11167861,11855194,6097869,11167861,75526860,0,294939,4852264,5147203,294939,4852264,12,209459439,209459439,2101774934,2101774934,0,0,0,0,1093985,1093985,2102530,2102530,4294967295,4294967295,4294967295,4294967295,4294967295,4294967295,4294967295,4294967295
06/30/2022_00:03:07,5892701,0,6098931,11168923,11856256,6098931,11168923,75526860,0,294939,4852264,5147203,294939,4852264,15,209459439,209459439,2101774934,2101774934,0,0,0,0,1093985,1093985,2102530,2102530,4294967295,4294967295,4294967295,4294967295,4294967295,4294967295,4294967295,4294967295
06/30/2022_00:06:21,5892701,0,6099875,11169867,11857200,6099875,11169867,75526860,0,294939,4852264,5147203,294939,4852264,13,209459439,209459439,2101774934,2101774934,0,0,0,0,1093985,1093985,2102530,2102530,4294967295,4294967295,4294967295,4294967295,4294967295,4294967295,4294967295,4294967295
06/30/2022_00:09:34,5892701,0,6101055,11171047,11858380,6101055,11171047,75526860,0,294939,4852264,5147203,294939,4852264,13,209459439,209459439,2101774934,2101774934,0,0,0,0,1093985,1093985,2102530,2102530,4294967295,4294967295,4294967295,4294967295,4294967295,4294967295,4294967295,4294967295
06/30/2022_00:12:48,5892910,0,6101999,11171991,11859324,6101999,11171991,75527030,0,294939,4852264,5147203,294939,4852264,11,209459648,209459648,2101775104,2101775104,0,0,0,0,1093987,1093987,2102532,2102532,4294967295,4294967295,4294967295,4294967295,4294967295,4294967295,4294967295,4294967295
06/30/2022_00:16:02,5894130,0,6103179,11173171,11860504,6103179,11173171,75527200,0,294939,4852264,5147203,294939,4852264,12,209460868,209460868,2101775274,2101775274,0,0,0,0,1093989,1093989,2102534,2102534,4294967295,4294967295,4294967295,4294967295,4294967295,4294967295,4294967295,4294967295
06/30/2022_00:19:15,5894130,0,6104123,11174115,11861448,6104123,11174115,75527200,0,294939,4852264,5147203,294939,4852264,14,209460868,209460868,2101775274,2101775274,0,0,0,0,1093989,1093989,2102534,2102534,4294967295,4294967295,4294967295,4294967295,4294967295,4294967295,4294967295,4294967295
06/30/2022_00:22:29,5894130,0,6105185,11175177,11862510,6105185,11175177,75527200,0,294939,4852264,5147203,294939,4852264,13,209460868,209460868,2101775274,2101775274,0,0,0,0,1093989,1093989,2102534,2102534,4294967295,4294967295,4294967295,4294967295,4294967295,4294967295,4294967295,4294967295
06/30/2022_00:25:42,5894130,0,6106365,11176357,11863690,6106365,11176357,75527200,0,294939,4852264,5147203,294939,4852264,13,209460868,209460868,2101775274,2101775274,0,0,0,0,1093989,1093989,2102534,2102534,4294967295,4294967295,4294967295,4294967295,4294967295,4294967295,4294967295,4294967295
06/30/2022_00:28:56,5895350,0,6107191,11177183,11864516,6107191,11177183,75527370,0,294939,4852264,5147203,294939,4852264,14,209462088,209462088,2101775444,2101775444,0,0,0,0,1093991,1093991,2102536,2102536,4294967295,4294967295,4294967295,4294967295,4294967295,4294967295,4294967295,4294967295
06/30/2022_00:32:10,5895350,0,6108371,11178363,11865696,6108371,11178363,75527370,0,294939,4852264,5147203,294939,4852264,13,209462088,209462088,2101775444,2101775444,0,0,0,0,1093991,1093991,2102536,2102536,4294967295,4294967295,4294967295,4294967295,4294967295,4294967295,4294967295,4294967295
06/30/2022_00:35:23,5895350,0,6109197,11179189,11866522,6109197,11179189,75527370,0,294939,4852264,5147203,294939,4852264,13,209462088,209462088,2101775444,2101775444,0,0,0,0,1093991,1093991,2102536,2102536,4294967295,4294967295,4294967295,4294967295,4294967295,4294967295,4294967295,4294967295
06/30/2022_00:38:37,5895350,0,6110495,11180487,11867820,6110495,11180487,75527370,0,294939,4852264,5147203,294939,4852264,15,209462088,209462088,2101775444,2101775444,0,0,0,0,1093991,1093991,2102536,2102536,4294967295,4294967295,4294967295,4294967295,4294967295,4294967295,4294967295,4294967295
06/30/2022_00:41:51,5895559,0,6111321,11181313,11868646,6111321,11181313,75527540,0,294939,4852264,5147203,294939,4852264,12,209462297,209462297,2101775614,2101775614,0,0,0,0,1093993,1093993,2102538,2102538,4294967295,4294967295,4294967295,4294967295,4294967295,4294967295,4294967295,4294967295
06/30/2022_00:45:04,5896779,0,6112619,11182611,11869944,6112619,11182611,75527710,0,294939,4852264,5147203,294939,4852264,12,209463517,209463517,2101775784,2101775784,0,0,0,0,1093995,1093995,2102540,2102540,4294967295,4294967295,4294967295,4294967295,4294967295,4294967295,4294967295,4294967295
06/30/2022_00:48:18,5896779,0,6113917,11183909,11871242,6113917,11183909,75527710,0,294939,4852264,5147203,294939,4852264,16,209463517,209463517,2101775784,2101775784,0,0,0,0,1093995,1093995,2102540,2102540,4294967295,4294967295,4294967295,4294967295,4294967295,4294967295,4294967295,4294967295
06/30/2022_00:51:31,5896779,0,6114743,11184735,11872068,6114743,11184735,75527710,0,294939,4852264,5147203,294939,4852264,13,209463517,209463517,2101775784,2101775784,0,0,0,0,1093995,1093995,2102540,2102540,4294967295,4294967295,4294967295,4294967295,4294967295,4294967295,4294967295,4294967295
06/30/2022_00:54:45,5896779,0,6116041,11186033,11873366,6116041,11186033,75527710,0,294939,4852264,5147203,294939,4852264,14,209463517,209463517,2101775784,2101775784,0,0,0,0,1093995,1093995,2102540,2102540,4294967295,4294967295,4294967295,4294967295,4294967295,4294967295,4294967295,4294967295
06/30/2022_00:57:59,5896779,0,6116867,11186859,11874192,6116867,11186859,75527710,0,294939,4852264,5147203,294939,4852264,12,209463517,209463517,2101775784,2101775784,0,0,0,0,1093995,1093995,2102540,2102540,4294967295,4294967295,4294967295,4294967295,4294967295,4294967295,4294967295,4294967295
06/30/2022_01:01:12,5897999,0,6118047,11188039,11875372,6118047,11188039,75527880,0,294939,4852264,5147203,294939,4852264,14,209464737,209464737,2101775954,2101775954,0,0,0,0,1093997,1093997,2102542,2102542,4294967295,4294967295,4294967295,4294967295,4294967295,4294967295,4294967295,4294967295
06/30/2022_01:04:26,5897999,0,6118991,11188983,11876316,6118991,11188983,75527880,0,294939,4852264,5147203,294939,4852264,14,209464737,209464737,2101775954,2101775954,0,0,0,0,1093997,1093997,2102542,2102542,4294967295,4294967295,4294967295,4294967295,4294967295,4294967295,4294967295,4294967295
06/30/2022_01:07:40,5898208,0,6120171,11190163,11877496,6120171,11190163,75528050,0,294939,4852264,5147203,294939,4852264,14,209464946,209464946,2101776124,2101776124,0,0,0,0,1093999,1093999,2102544,2102544,4294967295,4294967295,4294967295,4294967295,4294967295,4294967295,4294967295,4294967295
06/30/2022_01:10:53,5898208,0,6120997,11190989,11878322,6120997,11190989,75528050,0,294939,4852264,5147203,294939,4852264,11,209464946,209464946,2101776124,2101776124,0,0,0,0,1093999,1093999,2102544,2102544,4294967295,4294967295,4294967295,4294967295,4294967295,4294967295,4294967295,4294967295
06/30/2022_01:14:07,5899428,0,6122177,11192169,11879502,6122177,11192169,75528220,0,294939,4852264,5147203,294939,4852264,14,209466166,209466166,2101776294,2101776294,0,0,0,0,1094001,1094001,2102546,2102546,4294967295,4294967295,4294967295,4294967295,4294967295,4294967295,4294967295,4294967295
06/30/2022_01:17:21,5899428,0,6123121,11193113,11880446,6123121,11193113,75528220,0,294939,4852264,5147203,294939,4852264,13,209466166,209466166,2101776294,2101776294,0,0,0,0,1094001,1094001,2102546,2102546,4294967295,4294967295,4294967295,4294967295,4294967295,4294967295,4294967295,4294967295
06/30/2022_01:20:34,5899428,0,6124419,11194411,11881744,6124419,11194411,75528220,0,294939,4852264,5147203,294939,4852264,13,209466166,209466166,2101776294,2101776294,0,0,0,0,1094001,1094001,2102546,2102546,4294967295,4294967295,4294967295,4294967295,4294967295,4294967295,4294967295,4294967295
06/30/2022_01:23:48,5899428,0,6125599,11195591,11882924,6125599,11195591,75528220,0,294939,4852264,5147203,294939,4852264,13,209466166,209466166,2101776294,2101776294,0,0,0,0,1094001,1094001,2102546,2102546,4294967295,4294967295,4294967295,4294967295,4294967295,4294967295,4294967295,4294967295
06/30/2022_01:27:01,5899428,0,6126425,11196417,11883750,6126425,11196417,75528220,0,294939,4852264,5147203,294939,4852264,12,209466166,209466166,2101776294,2101776294,0,0,0,0,1094001,1094001,2102546,2102546,4294967295,4294967295,4294967295,4294967295,4294967295,4294967295,4294967295,4294967295
06/30/2022_01:30:15,5900648,0,6127723,11197715,11885048,6127723,11197715,75528390,0,294939,4852264,5147203,294939,4852264,13,209467386,209467386,2101776464,2101776464,0,0,0,0,1094003,1094003,2102548,2102548,4294967295,4294967295,4294967295,4294967295,4294967295,4294967295,4294967295,4294967295
06/30/2022_01:33:29,5900648,0,6128549,11198541,11885874,6128549,11198541,75528390,0,294939,4852264,5147203,294939,4852264,15,209467386,209467386,2101776464,2101776464,0,0,0,0,1094003,1094003,2102548,2102548,4294967295,4294967295,4294967295,4294967295,4294967295,4294967295,4294967295,4294967295
06/30/2022_01:36:42,5900857,0,6129729,11199721,11887054,6129729,11199721,75528560,0,294939,4852264,5147203,294939,4852264,14,209467595,209467595,2101776634,2101776634,0,0,0,0,1094005,1094005,2102550,2102550,4294967295,4294967295,4294967295,4294967295,4294967295,4294967295,4294967295,4294967295
06/30/2022_01:39:56,5900857,0,6130673,11200665,11887998,6130673,11200665,75528560,0,294939,4852264,5147203,294939,4852264,12,209467595,209467595,2101776634,2101776634,0,0,0,0,1094005,1094005,2102550,2102550,4294967295,4294967295,4294967295,4294967295,4294967295,4294967295,4294967295,4294967295
06/30/2022_01:43:10,5900857,0,6131853,11201845,11889178,6131853,11201845,75528560,0,294939,4852264,5147203,294939,4852264,14,209467595,209467595,2101776634,2101776634,0,0,0,0,1094005,1094005,2102550,2102550,4294967295,4294967295,4294967295,4294967295,4294967295,4294967295,4294967295,4294967295
06/30/2022_01:46:23,5902077,0,6132915,11202907,11890240,6132915,11202907,75528730,0,294939,4852264,5147203,294939,4852264,14,209468815,209468815,2101776804,2101776804,0,0,0,0,1094007,1094007,2102552,2102552,4294967295,4294967295,4294967295,4294967295,4294967295,4294967295,4294967295,4294967295
06/30/2022_01:49:37,5902077,0,6133859,11203851,11891184,6133859,11203851,75528730,0,294939,4852264,5147203,294939,4852264,14,209468815,209468815,2101776804,2101776804,0,0,0,0,1094007,1094007,2102552,2102552,4294967295,4294967295,4294967295,4294967295,4294967295,4294967295,4294967295,4294967295
06/30/2022_01:52:50,5902077,0,6135039,11205031,11892364,6135039,11205031,75528730,0,294939,4852264,5147203,294939,4852264,14,209468815,209468815,2101776804,2101776804,0,0,0,0,1094007,1094007,2102552,2102552,4294967295,4294967295,4294967295,4294967295,4294967295,4294967295,4294967295,4294967295
06/30/2022_01:56:04,5902077,0,6135865,11205857,11893190,6135865,11205857,75528730,0,294939,4852264,5147203,294939,4852264,12,209468815,209468815,2101776804,2101776804,0,0,0,0,1094007,1094007,2102552,2102552,4294967295,4294967295,4294967295,4294967295,4294967295,4294967295,4294967295,4294967295
06/30/2022_01:59:18,5903297,0,6137045,11207037,11894370,6137045,11207037,75528900,0,294939,4852264,5147203,294939,4852264,15,209470035,209470035,2101776974,2101776974,0,0,0,0,1094009,1094009,2102554,2102554,4294967295,4294967295,4294967295,4294967295,4294967295,4294967295,4294967295,4294967295
06/30/2022_02:02:31,5903297,0,6137989,11207981,11895314,6137989,11207981,75528900,0,294939,4852264,5147203,294939,4852264,13,209470035,209470035,2101776974,2101776974,0,0,0,0,1094009,1094009,2102554,2102554,4294967295,4294967295,4294967295,4294967295,4294967295,4294967295,4294967295,4294967295
06/30/2022_02:05:45,5903506,0,6139287,11209279,11896612,6139287,11209279,75528998,0,294939,4852264,5147203,294939,4852264,14,209470244,209470244,2101777072,2101777072,0,0,0,0,1094011,1094011,2102555,2102555,4294967295,4294967295,4294967295,4294967295,4294967295,4294967295,4294967295,4294967295
06/30/2022_02:08:58,5903506,0,6140231,11210223,11897556,6140231,11210223,75528998,0,294939,4852264,5147203,294939,4852264,11,209470244,209470244,2101777072,2101777072,0,0,0,0,1094011,1094011,2102555,2102555,4294967295,4294967295,4294967295,4294967295,4294967295,4294967295,4294967295,4294967295
06/30/2022_02:12:12,5903506,0,6141529,11211521,11898854,6141529,11211521,75528998,0,294939,4852264,5147203,294939,4852264,13,209470244,209470244,2101777072,2101777072,0,0,0,0,1094011,1094011,2102555,2102555,4294967295,4294967295,4294967295,4294967295,4294967295,4294967295,4294967295,4294967295
06/30/2022_02:15:26,5904727,0,6142473,11212465,11899798,6142473,11212465,75529168,0,294939,4852264,5147203,294939,4852264,13,209471465,209471465,2101777242,2101777242,0,0,0,0,1094013,1094013,2102557,2102557,4294967295,4294967295,4294967295,4294967295,4294967295,4294967295,4294967295,4294967295
06/30/2022_02:18:39,5904727,0,6143653,11213645,11900978,6143653,11213645,75529168,0,294939,4852264,5147203,294939,4852264,15,209471465,209471465,2101777242,2101777242,0,0,0,0,1094013,1094013,2102557,2102557,4294967295,4294967295,4294967295,4294967295,4294967295,4294967295,4294967295,4294967295
06/30/2022_02:21:53,5904727,0,6144479,11214471,11901804,6144479,11214471,75529168,0,294939,4852264,5147203,294939,4852264,12,209471465,209471465,2101777242,2101777242,0,0,0,0,1094013,1094013,2102557,2102557,4294967295,4294967295,4294967295,4294967295,4294967295,4294967295,4294967295,4294967295
06/30/2022_02:25:07,5904727,0,6145777,11215769,11903102,6145777,11215769,75529168,0,294939,4852264,5147203,294939,4852264,12,209471465,209471465,2101777242,2101777242,0,0,0,0,1094013,1094013,2102557,2102557,4294967295,4294967295,4294967295,4294967295,4294967295,4294967295,4294967295,4294967295
06/30/2022_02:28:20,5904727,0,6146957,11216949,11904282,6146957,11216949,75529168,0,294939,4852264,5147203,294939,4852264,16,209471465,209471465,2101777242,2101777242,0,0,0,0,1094013,1094013,2102557,2102557,4294967295,4294967295,4294967295,4294967295,4294967295,4294967295,4294967295,4294967295
06/30/2022_02:31:34,5906156,0,6147901,11217893,11905226,6147901,11217893,75529508,0,294939,4852264,5147203,294939,4852264,13,209472894,209472894,2101777582,2101777582,0,0,0,0,1094017,1094017,2102561,2102561,4294967295,4294967295,4294967295,4294967295,4294967295,4294967295,4294967295,4294967295
06/30/2022_02:34:48,5906156,0,6149081,11219073,11906406,6149081,11219073,75529508,0,294939,4852264,5147203,294939,4852264,14,209472894,209472894,2101777582,2101777582,0,0,0,0,1094017,1094017,2102561,2102561,4294967295,4294967295,4294967295,4294967295,4294967295,4294967295,4294967295,4294967295
06/30/2022_02:38:01,5906156,0,6150025,11220017,11907350,6150025,11220017,75529508,0,294939,4852264,5147203,294939,4852264,12,209472894,209472894,2101777582,2101777582,0,0,0,0,1094017,1094017,2102561,2102561,4294967295,4294967295,4294967295,4294967295,4294967295,4294967295,4294967295,4294967295
06/30/2022_02:41:15,5906156,0,6151205,11221197,11908530,6151205,11221197,75529508,0,294939,4852264,5147203,294939,4852264,13,209472894,209472894,2101777582,2101777582,0,0,0,0,1094017,1094017,2102561,2102561,4294967295,4294967295,4294967295,4294967295,4294967295,4294967295,4294967295,4294967295
06/30/2022_02:44:28,5907376,0,6152031,11222023,11909356,6152031,11222023,75529678,0,294939,4852264,5147203,294939,4852264,14,209474114,209474114,2101777752,2101777752,0,0,0,0,1094019,1094019,2102563,2102563,4294967295,4294967295,4294967295,4294967295,4294967295,4294967295,4294967295,4294967295
06/30/2022_02:47:42,5907376,0,6153211,11223203,11910536,6153211,11223203,75529678,0,294939,4852264,5147203,294939,4852264,13,209474114,209474114,2101777752,2101777752,0,0,0,0,1094019,1094019,2102563,2102563,4294967295,4294967295,4294967295,4294967295,4294967295,4294967295,4294967295,4294967295
06/30/2022_02:50:56,5907376,0,6154155,11224147,11911480,6154155,11224147,75529678,0,294939,4852264,5147203,294939,4852264,12,209474114,209474114,2101777752,2101777752,0,0,0,0,1094019,1094019,2102563,2102563,4294967295,4294967295,4294967295,4294967295,4294967295,4294967295,4294967295,4294967295
06/30/2022_02:54:09,5907376,0,6155335,11225327,11912660,6155335,11225327,75529678,0,294939,4852264,5147203,294939,4852264,12,209474114,209474114,2101777752,2101777752,0,0,0,0,1094019,1094019,2102563,2102563,4294967295,4294967295,4294967295,4294967295,4294967295,4294967295,4294967295,4294967295
06/30/2022_02:57:23,5907376,0,6156279,11226271,11913604,6156279,11226271,75529678,0,294939,4852264,5147203,294939,4852264,13,209474114,209474114,2101777752,2101777752,0,0,0,0,1094019,1094019,2102563,2102563,4294967295,4294967295,4294967295,4294967295,4294967295,4294967295,4294967295,4294967295
06/30/2022_03:00:37,5908805,0,6157459,11227451,11914784,6157459,11227451,75530018,0,294939,4852264,5147203,294939,4852264,13,209475543,209475543,2101778092,2101778092,0,0,0,0,1094023,1094023,2102567,2102567,4294967295,4294967295,4294967295,4294967295,4294967295,4294967295,4294967295,4294967295
06/30/2022_03:03:50,5908805,0,6158639,11228631,11915964,6158639,11228631,75530018,0,294939,4852264,5147203,294939,4852264,14,209475543,209475543,2101778092,2101778092,0,0,0,0,1094023,1094023,2102567,2102567,4294967295,4294967295,4294967295,4294967295,4294967295,4294967295,4294967295,4294967295
06/30/2022_03:07:04,5908805,0,6159465,11229457,11916790,6159465,11229457,75530018,0,294939,4852264,5147203,294939,4852264,12,209475543,209475543,2101778092,2101778092,0,0,0,0,1094023,1094023,2102567,2102567,4294967295,4294967295,4294967295,4294967295,4294967295,4294967295,4294967295,4294967295
06/30/2022_03:10:17,5908805,0,6160645,11230637,11917970,6160645,11230637,75530018,0,294939,4852264,5147203,294939,4852264,12,209475543,209475543,2101778092,2101778092,0,0,0,0,1094023,1094023,2102567,2102567,4294967295,4294967295,4294967295,4294967295,4294967295,4294967295,4294967295,4294967295
06/30/2022_03:13:31,5908805,0,6161471,11231463,11918796,6161471,11231463,75530018,0,294939,4852264,5147203,294939,4852264,15,209475543,209475543,2101778092,2101778092,0,0,0,0,1094023,1094023,2102567,2102567,4294967295,4294967295,4294967295,4294967295,4294967295,4294967295,4294967295,4294967295
06/30/2022_03:16:45,5910025,0,6162651,11232643,11919976,6162651,11232643,75530116,0,294939,4852264,5147203,294939,4852264,13,209476763,209476763,2101778190,2101778190,0,0,0,0,1094025,1094025,2102568,2102568,4294967295,4294967295,4294967295,4294967295,4294967295,4294967295,4294967295,4294967295
06/30/2022_03:19:58,5910025,0,6163477,11233469,11920802,6163477,11233469,75530116,0,294939,4852264,5147203,294939,4852264,13,209476763,209476763,2101778190,2101778190,0,0,0,0,1094025,1094025,2102568,2102568,4294967295,4294967295,4294967295,4294967295,4294967295,4294967295,4294967295,4294967295
06/30/2022_03:23:12,5910025,0,6164775,11234767,11922100,6164775,11234767,75530116,0,294939,4852264,5147203,294939,4852264,14,209476763,209476763,2101778190,2101778190,0,0,0,0,1094025,1094025,2102568,2102568,4294967295,4294967295,4294967295,4294967295,4294967295,4294967295,4294967295,4294967295
06/30/2022_03:26:26,5910025,0,6165719,11235711,11923044,6165719,11235711,75530116,0,294939,4852264,5147203,294939,4852264,13,209476763,209476763,2101778190,2101778190,0,0,0,0,1094025,1094025,2102568,2102568,4294967295,4294967295,4294967295,4294967295,4294967295,4294967295,4294967295,4294967295
06/30/2022_03:29:39,5911454,0,6166899,11236891,11924224,6166899,11236891,75530456,0,294939,4852264,5147203,294939,4852264,13,209478192,209478192,2101778530,2101778530,0,0,0,0,1094029,1094029,2102572,2102572,4294967295,4294967295,4294967295,4294967295,4294967295,4294967295,4294967295,4294967295
06/30/2022_03:32:53,5911454,0,6167843,11237835,11925168,6167843,11237835,75530456,0,294939,4852264,5147203,294939,4852264,12,209478192,209478192,2101778530,2101778530,0,0,0,0,1094029,1094029,2102572,2102572,4294967295,4294967295,4294967295,4294967295,4294967295,4294967295,4294967295,4294967295
06/30/2022_03:36:07,5911454,0,6169023,11239015,11926348,6169023,11239015,75530456,0,294939,4852264,5147203,294939,4852264,12,209478192,209478192,2101778530,2101778530,0,0,0,0,1094029,1094029,2102572,2102572,4294967295,4294967295,4294967295,4294967295,4294967295,4294967295,4294967295,4294967295
06/30/2022_03:39:20,5911454,0,6170321,11240313,11927646,6170321,11240313,75530456,0,294939,4852264,5147203,294939,4852264,13,209478192,209478192,2101778530,2101778530,0,0,0,0,1094029,1094029,2102572,2102572,4294967295,4294967295,4294967295,4294967295,4294967295,4294967295,4294967295,4294967295
06/30/2022_03:42:34,5911454,0,6171147,11241139,11928472,6171147,11241139,75530456,0,294939,4852264,5147203,294939,4852264,13,209478192,209478192,2101778530,2101778530,0,0,0,0,1094029,1094029,2102572,2102572,4294967295,4294967295,4294967295,4294967295,4294967295,4294967295,4294967295,4294967295
06/30/2022_03:45:47,5912674,0,6172445,11242437,11929770,6172445,11242437,75530626,0,294939,4852264,5147203,294939,4852264,14,209479412,209479412,2101778700,2101778700,0,0,0,0,1094031,1094031,2102574,2102574,4294967295,4294967295,4294967295,4294967295,4294967295,4294967295,4294967295,4294967295
06/30/2022_03:49:01,5912674,0,6173389,11243381,11930714,6173389,11243381,75530626,0,294939,4852264,5147203,294939,4852264,12,209479412,209479412,2101778700,2101778700,0,0,0,0,1094031,1094031,2102574,2102574,4294967295,4294967295,4294967295,4294967295,4294967295,4294967295,4294967295,4294967295
06/30/2022_03:52:15,5912674,0,6174569,11244561,11931894,6174569,11244561,75530626,0,294939,4852264,5147203,294939,4852264,13,209479412,209479412,2101778700,2101778700,0,0,0,0,1094031,1094031,2102574,2102574,4294967295,4294967295,4294967295,4294967295,4294967295,4294967295,4294967295,4294967295
06/30/2022_03:55:28,5912883,0,6175395,11245387,11932720,6175395,11245387,75530796,0,294939,4852264,5147203,294939,4852264,14,209479621,209479621,2101778870,2101778870,0,0,0,0,1094033,1094033,2102576,2102576,4294967295,4294967295,4294967295,4294967295,4294967295,4294967295,4294967295,4294967295
06/30/2022_03:58:42,5912883,0,6176575,11246567,11933900,6176575,11246567,75530940,0,294939,4852264,5147203,294939,4852264,14,209479621,209479621,2101778966,2101778966,0,0,0,0,1094033,1094033,2102577,2102577,4294967295,4294967295,4294967295,4294967295,4294967295,4294967295,4294967295,4294967295
06/30/2022_04:01:56,5914101,0,6177401,11247393,11934726,6177401,11247393,75531110,0,294939,4852264,5147203,294939,4852264,12,209480839,209480839,2101779136,2101779136,0,0,0,0,1094035,1094035,2102579,2102579,4294967295,4294967295,4294967295,4294967295,4294967295,4294967295,4294967295,4294967295
06/30/2022_04:05:10,5914101,0,6178581,11248573,11935906,6178581,11248573,75531110,0,294939,4852264,5147203,294939,4852264,13,209480839,209480839,2101779136,2101779136,0,0,0,0,1094035,1094035,2102579,2102579,4294967295,4294967295,4294967295,4294967295,4294967295,4294967295,4294967295,4294967295
06/30/2022_04:08:23,5914101,0,6179879,11249871,11937204,6179879,11249871,75531110,0,294939,4852264,5147203,294939,4852264,15,209480839,209480839,2101779136,2101779136,0,0,0,0,1094035,1094035,2102579,2102579,4294967295,4294967295,4294967295,4294967295,4294967295,4294967295,4294967295,4294967295
06/30/2022_04:11:37,5914101,0,6180705,11250697,11938030,6180705,11250697,75531110,0,294939,4852264,5147203,294939,4852264,13,209480839,209480839,2101779136,2101779136,0,0,0,0,1094035,1094035,2102579,2102579,4294967295,4294967295,4294967295,4294967295,4294967295,4294967295,4294967295,4294967295
06/30/2022_04:14:50,5915321,0,6181885,11251877,11939210,6181885,11251877,75531280,0,294939,4852264,5147203,294939,4852264,14,209482059,209482059,2101779306,2101779306,0,0,0,0,1094037,1094037,2102581,2102581,4294967295,4294967295,4294967295,4294967295,4294967295,4294967295,4294967295,4294967295
06/30/2022_04:18:04,5915321,0,6182711,11252703,11940036,6182711,11252703,75531280,0,294939,4852264,5147203,294939,4852264,12,209482059,209482059,2101779306,2101779306,0,0,0,0,1094037,1094037,2102581,2102581,4294967295,4294967295,4294967295,4294967295,4294967295,4294967295,4294967295,4294967295
06/30/2022_04:21:18,5915321,0,6184009,11254001,11941334,6184009,11254001,75531280,0,294939,4852264,5147203,294939,4852264,13,209482059,209482059,2101779306,2101779306,0,0,0,0,1094037,1094037,2102581,2102581,4294967295,4294967295,4294967295,4294967295,4294967295,4294967295,4294967295,4294967295
06/30/2022_04:24:31,5915530,0,6184835,11254827,11942160,6184835,11254827,75531450,0,294939,4852264,5147203,294939,4852264,13,209482268,209482268,2101779476,2101779476,0,0,0,0,1094039,1094039,2102583,2102583,4294967295,4294967295,4294967295,4294967295,4294967295,4294967295,4294967295,4294967295
06/30/2022_04:27:45,5915530,0,6186133,11256125,11943458,6186133,11256125,75531450,0,294939,4852264,5147203,294939,4852264,14,209482268,209482268,2101779476,2101779476,0,0,0,0,1094039,1094039,2102583,2102583,4294967295,4294967295,4294967295,4294967295,4294967295,4294967295,4294967295,4294967295
06/30/2022_04:30:58,5916750,0,6186959,11256951,11944284,6186959,11256951,75531620,0,294939,4852264,5147203,294939,4852264,12,209483488,209483488,2101779646,2101779646,0,0,0,0,1094041,1094041,2102585,2102585,4294967295,4294967295,4294967295,4294967295,4294967295,4294967295,4294967295,4294967295
06/30/2022_04:34:12,5916750,0,6188139,11258131,11945464,6188139,11258131,75531620,0,294939,4852264,5147203,294939,4852264,12,209483488,209483488,2101779646,2101779646,0,0,0,0,1094041,1094041,2102585,2102585,4294967295,4294967295,4294967295,4294967295,4294967295,4294967295,4294967295,4294967295
06/30/2022_04:37:26,5916750,0,6189201,11259193,11946526,6189201,11259193,75531620,0,294939,4852264,5147203,294939,4852264,14,209483488,209483488,2101779646,2101779646,0,0,0,0,1094041,1094041,2102585,2102585,4294967295,4294967295,4294967295,4294967295,4294967295,4294967295,4294967295,4294967295
06/30/2022_04:40:39,5916750,0,6190263,11260255,11947588,6190263,11260255,75531620,0,294939,4852264,5147203,294939,4852264,14,209483488,209483488,2101779646,2101779646,0,0,0,0,1094041,1094041,2102585,2102585,4294967295,4294967295,4294967295,4294967295,4294967295,4294967295,4294967295,4294967295
06/30/2022_04:43:53,5918054,0,6191443,11261435,11948768,6191443,11261435,75531888,0,294939,4852264,5147203,294939,4852264,15,209484792,209484792,2101779914,2101779914,0,0,0,0,1094044,1094044,2102588,2102588,4294967295,4294967295,4294967295,4294967295,4294967295,4294967295,4294967295,4294967295
06/30/2022_04:47:07,5918054,0,6192269,11262261,11949594,6192269,11262261,75531888,0,294939,4852264,5147203,294939,4852264,11,209484792,209484792,2101779914,2101779914,0,0,0,0,1094044,1094044,2102588,2102588,4294967295,4294967295,4294967295,4294967295,4294967295,4294967295,4294967295,4294967295
06/30/2022_04:50:20,5918054,0,6193449,11263441,11950774,6193449,11263441,75531888,0,294939,4852264,5147203,294939,4852264,13,209484792,209484792,2101779914,2101779914,0,0,0,0,1094044,1094044,2102588,2102588,4294967295,4294967295,4294967295,4294967295,4294967295,4294967295,4294967295,4294967295
06/30/2022_04:53:34,5918263,0,6194393,11264385,11951718,6194393,11264385,75532058,0,294939,4852264,5147203,294939,4852264,15,209485001,209485001,2101780084,2101780084,0,0,0,0,1094046,1094046,2102590,2102590,4294967295,4294967295,4294967295,4294967295,4294967295,4294967295,4294967295,4294967295
06/30/2022_04:56:47,5918263,0,6195573,11265565,11952898,6195573,11265565,75532058,0,294939,4852264,5147203,294939,4852264,13,209485001,209485001,2101780084,2101780084,0,0,0,0,1094046,1094046,2102590,2102590,4294967295,4294967295,4294967295,4294967295,4294967295,4294967295,4294967295,4294967295
06/30/2022_05:00:01,5919483,0,6196399,11266391,11953724,6196399,11266391,75532228,0,294939,4852264,5147203,294939,4852264,12,209486221,209486221,2101780254,2101780254,0,0,0,0,1094048,1094048,2102592,2102592,4294967295,4294967295,4294967295,4294967295,4294967295,4294967295,4294967295,4294967295
06/30/2022_05:03:15,5919483,0,6197697,11267689,11955022,6197697,11267689,75532228,0,294939,4852264,5147203,294939,4852264,14,209486221,209486221,2101780254,2101780254,0,0,0,0,1094048,1094048,2102592,2102592,4294967295,4294967295,4294967295,4294967295,4294967295,4294967295,4294967295,4294967295
06/30/2022_05:06:28,5919483,0,6198877,11268869,11956202,6198877,11268869,75532228,0,294939,4852264,5147203,294939,4852264,13,209486221,209486221,2101780254,2101780254,0,0,0,0,1094048,1094048,2102592,2102592,4294967295,4294967295,4294967295,4294967295,4294967295,4294967295,4294967295,4294967295
06/30/2022_05:09:42,5919483,0,6199821,11269813,11957146,6199821,11269813,75532228,0,294939,4852264,5147203,294939,4852264,13,209486221,209486221,2101780254,2101780254,0,0,0,0,1094048,1094048,2102592,2102592,4294967295,4294967295,4294967295,4294967295,4294967295,4294967295,4294967295,4294967295
06/30/2022_05:12:55,5919483,0,6201001,11270993,11958326,6201001,11270993,75532228,0,294939,4852264,5147203,294939,4852264,14,209486221,209486221,2101780254,2101780254,0,0,0,0,1094048,1094048,2102592,2102592,4294967295,4294967295,4294967295,4294967295,4294967295,4294967295,4294967295,4294967295
06/30/2022_05:16:09,5920703,0,6201827,11271819,11959152,6201827,11271819,75532398,0,294939,4852264,5147203,294939,4852264,12,209487441,209487441,2101780424,2101780424,0,0,0,0,1094050,1094050,2102594,2102594,4294967295,4294967295,4294967295,4294967295,4294967295,4294967295,4294967295,4294967295
06/30/2022_05:19:23,5920703,0,6203125,11273117,11960450,6203125,11273117,75532398,0,294939,4852264,5147203,294939,4852264,13,209487441,209487441,2101780424,2101780424,0,0,0,0,1094050,1094050,2102594,2102594,4294967295,4294967295,4294967295,4294967295,4294967295,4294967295,4294967295,4294967295
06/30/2022_05:22:36,5920912,0,6203951,11273943,11961276,6203951,11273943,75532568,0,294939,4852264,5147203,294939,4852264,13,209487650,209487650,2101780594,2101780594,0,0,0,0,1094052,1094052,2102596,2102596,4294967295,4294967295,4294967295,4294967295,4294967295,4294967295,4294967295,4294967295
06/30/2022_05:25:50,5920912,0,6205249,11275241,11962574,6205249,11275241,75532568,0,294939,4852264,5147203,294939,4852264,14,209487650,209487650,2101780594,2101780594,0,0,0,0,1094052,1094052,2102596,2102596,4294967295,4294967295,4294967295,4294967295,4294967295,4294967295,4294967295,4294967295
06/30/2022_05:29:04,5922132,0,6206075,11276067,11963400,6206075,11276067,75532738,0,294939,4852264,5147203,294939,4852264,13,209488870,209488870,2101780764,2101780764,0,0,0,0,1094054,1094054,2102598,2102598,4294967295,4294967295,4294967295,4294967295,4294967295,4294967295,4294967295,4294967295
06/30/2022_05:32:17,5922132,0,6207255,11277247,11964580,6207255,11277247,75532738,0,294939,4852264,5147203,294939,4852264,12,209488870,209488870,2101780764,2101780764,0,0,0,0,1094054,1094054,2102598,2102598,4294967295,4294967295,4294967295,4294967295,4294967295,4294967295,4294967295,4294967295
06/30/2022_05:35:31,5922132,0,6208199,11278191,11965524,6208199,11278191,75532738,0,294939,4852264,5147203,294939,4852264,14,209488870,209488870,2101780764,2101780764,0,0,0,0,1094054,1094054,2102598,2102598,4294967295,4294967295,4294967295,4294967295,4294967295,4294967295,4294967295,4294967295
06/30/2022_05:38:44,5922132,0,6209379,11279371,11966704,6209379,11279371,75532738,0,294939,4852264,5147203,294939,4852264,13,209488870,209488870,2101780764,2101780764,0,0,0,0,1094054,1094054,2102598,2102598,4294967295,4294967295,4294967295,4294967295,4294967295,4294967295,4294967295,4294967295
06/30/2022_05:41:58,5922132,0,6210677,11280669,11968002,6210677,11280669,75532738,0,294939,4852264,5147203,294939,4852264,14,209488870,209488870,2101780764,2101780764,0,0,0,0,1094054,1094054,2102598,2102598,4294967295,4294967295,4294967295,4294967295,4294967295,4294967295,4294967295,4294967295
06/30/2022_05:45:12,5923352,0,6211503,11281495,11968828,6211503,11281495,75532908,0,294939,4852264,5147203,294939,4852264,12,209490090,209490090,2101780934,2101780934,0,0,0,0,1094056,1094056,2102600,2102600,4294967295,4294967295,4294967295,4294967295,4294967295,4294967295,4294967295,4294967295
06/30/2022_05:48:25,5923645,0,6212683,11282675,11970008,6212683,11282675,75533176,0,294939,4852264,5147203,294939,4852264,15,209490383,209490383,2101781202,2101781202,0,0,0,0,1094059,1094059,2102603,2102603,4294967295,4294967295,4294967295,4294967295,4294967295,4294967295,4294967295,4294967295
06/30/2022_05:51:39,5923645,0,6213627,11283619,11970952,6213627,11283619,75533176,0,294939,4852264,5147203,294939,4852264,13,209490383,209490383,2101781202,2101781202,0,0,0,0,1094059,1094059,2102603,2102603,4294967295,4294967295,4294967295,4294967295,4294967295,4294967295,4294967295,4294967295
06/30/2022_05:54:53,5923645,0,6214807,11284799,11972132,6214807,11284799,75533176,0,294939,4852264,5147203,294939,4852264,14,209490383,209490383,2101781202,2101781202,0,0,0,0,1094059,1094059,2102603,2102603,4294967295,4294967295,4294967295,4294967295,4294967295,4294967295,4294967295,4294967295
06/30/2022_05:58:06,5923645,0,6215751,11285743,11973076,6215751,11285743,75533176,0,294939,4852264,5147203,294939,4852264,12,209490383,209490383,2101781202,2101781202,0,0,0,0,1094059,1094059,2102603,2102603,4294967295,4294967295,4294967295,4294967295,4294967295,4294967295,4294967295,4294967295
06/30/2022_06:01:20,5924865,0,6217049,11287041,11974374,6217049,11287041,75533346,0,294939,4852264,5147203,294939,4852264,13,209491603,209491603,2101781372,2101781372,0,0,0,0,1094061,1094061,2102605,2102605,4294967295,4294967295,4294967295,4294967295,4294967295,4294967295,4294967295,4294967295
06/30/2022_06:04:34,5924865,0,6217875,11287867,11975200,6217875,11287867,75533346,0,294939,4852264,5147203,294939,4852264,12,209491603,209491603,2101781372,2101781372,0,0,0,0,1094061,1094061,2102605,2102605,4294967295,4294967295,4294967295,4294967295,4294967295,4294967295,4294967295,4294967295
06/30/2022_06:07:47,5924865,0,6218937,11288929,11976262,6218937,11288929,75533346,0,294939,4852264,5147203,294939,4852264,13,209491603,209491603,2101781372,2101781372,0,0,0,0,1094061,1094061,2102605,2102605,4294967295,4294967295,4294967295,4294967295,4294967295,4294967295,4294967295,4294967295
06/30/2022_06:11:01,5924865,0,6219763,11289755,11977088,6219763,11289755,75533346,0,294939,4852264,5147203,294939,4852264,14,209491603,209491603,2101781372,2101781372,0,0,0,0,1094061,1094061,2102605,2102605,4294967295,4294967295,4294967295,4294967295,4294967295,4294967295,4294967295,4294967295
06/30/2022_06:14:15,5926085,0,6221061,11291053,11978386,6221061,11291053,75533516,0,294939,4852264,5147203,294939,4852264,12,209492823,209492823,2101781542,2101781542,0,0,0,0,1094063,1094063,2102607,2102607,4294967295,4294967295,4294967295,4294967295,4294967295,4294967295,4294967295,4294967295
06/30/2022_06:17:28,5926294,0,6222241,11292233,11979566,6222241,11292233,75533614,0,294939,4852264,5147203,294939,4852264,13,209493032,209493032,2101781640,2101781640,0,0,0,0,1094065,1094065,2102608,2102608,4294967295,4294967295,4294967295,4294967295,4294967295,4294967295,4294967295,4294967295
06/30/2022_06:20:42,5926294,0,6223185,11293177,11980510,6223185,11293177,75533614,0,294939,4852264,5147203,294939,4852264,14,209493032,209493032,2101781640,2101781640,0,0,0,0,1094065,1094065,2102608,2102608,4294967295,4294967295,4294967295,4294967295,4294967295,4294967295,4294967295,4294967295
06/30/2022_06:23:56,5926294,0,6224365,11294357,11981690,6224365,11294357,75533614,0,294939,4852264,5147203,294939,4852264,14,209493032,209493032,2101781640,2101781640,0,0,0,0,1094065,1094065,2102608,2102608,4294967295,4294967295,4294967295,4294967295,4294967295,4294967295,4294967295,4294967295
06/30/2022_06:27:09,5926294,0,6225309,11295301,11982634,6225309,11295301,75533614,0,294939,4852264,5147203,294939,4852264,12,209493032,209493032,2101781640,2101781640,0,0,0,0,1094065,1094065,2102608,2102608,4294967295,4294967295,4294967295,4294967295,4294967295,4294967295,4294967295,4294967295
06/30/2022_06:30:23,5927515,0,6226489,11296481,11983814,6226489,11296481,75533784,0,294939,4852264,5147203,294939,4852264,13,209494253,209494253,2101781810,2101781810,0,0,0,0,1094067,1094067,2102610,2102610,4294967295,4294967295,4294967295,4294967295,4294967295,4294967295,4294967295,4294967295
06/30/2022_06:33:36,5927515,0,6227433,11297425,11984758,6227433,11297425,75533784,0,294939,4852264,5147203,294939,4852264,15,209494253,209494253,2101781810,2101781810,0,0,0,0,1094067,1094067,2102610,2102610,4294967295,4294967295,4294967295,4294967295,4294967295,4294967295,4294967295,4294967295
06/30/2022_06:36:50,5927515,0,6228613,11298605,11985938,6228613,11298605,75533784,0,294939,4852264,5147203,294939,4852264,14,209494253,209494253,2101781810,2101781810,0,0,0,0,1094067,1094067,2102610,2102610,4294967295,4294967295,4294967295,4294967295,4294967295,4294967295,4294967295,4294967295
06/30/2022_06:40:04,5927515,0,6229557,11299549,11986882,6229557,11299549,75533784,0,294939,4852264,5147203,294939,4852264,13,209494253,209494253,2101781810,2101781810,0,0,0,0,1094067,1094067,2102610,2102610,4294967295,4294967295,4294967295,4294967295,4294967295,4294967295,4294967295,4294967295
06/30/2022_06:43:17,5927515,0,6230737,11300729,11988062,6230737,11300729,75533784,0,294939,4852264,5147203,294939,4852264,14,209494253,209494253,2101781810,2101781810,0,0,0,0,1094067,1094067,2102610,2102610,4294967295,4294967295,4294967295,4294967295,4294967295,4294967295,4294967295,4294967295
06/30/2022_06:46:31,5928946,0,6231917,11301909,11989242,6231917,11301909,75534124,0,294939,4852264,5147203,294939,4852264,13,209495684,209495684,2101782150,2101782150,0,0,0,0,1094071,1094071,2102614,2102614,4294967295,4294967295,4294967295,4294967295,4294967295,4294967295,4294967295,4294967295
06/30/2022_06:49:45,5928946,0,6232743,11302735,11990068,6232743,11302735,75534124,0,294939,4852264,5147203,294939,4852264,13,209495684,209495684,2101782150,2101782150,0,0,0,0,1094071,1094071,2102614,2102614,4294967295,4294967295,4294967295,4294967295,4294967295,4294967295,4294967295,4294967295
06/30/2022_06:52:58,5928946,0,6234041,11304033,11991366,6234041,11304033,75534124,0,294939,4852264,5147203,294939,4852264,14,209495684,209495684,2101782150,2101782150,0,0,0,0,1094071,1094071,2102614,2102614,4294967295,4294967295,4294967295,4294967295,4294967295,4294967295,4294967295,4294967295
06/30/2022_06:56:12,5928946,0,6234867,11304859,11992192,6234867,11304859,75534124,0,294939,4852264,5147203,294939,4852264,13,209495684,209495684,2101782150,2101782150,0,0,0,0,1094071,1094071,2102614,2102614,4294967295,4294967295,4294967295,4294967295,4294967295,4294967295,4294967295,4294967295
06/30/2022_06:59:26,5930166,0,6236165,11306157,11993490,6236165,11306157,75534294,0,294939,4852264,5147203,294939,4852264,13,209496904,209496904,2101782320,2101782320,0,0,0,0,1094073,1094073,2102616,2102616,4294967295,4294967295,4294967295,4294967295,4294967295,4294967295,4294967295,4294967295
06/30/2022_07:02:39,5930166,0,6236873,11306865,11994198,6236873,11306865,75534294,0,294939,4852264,5147203,294939,4852264,13,209496904,209496904,2101782320,2101782320,0,0,0,0,1094073,1094073,2102616,2102616,4294967295,4294967295,4294967295,4294967295,4294967295,4294967295,4294967295,4294967295
06/30/2022_07:05:53,5930166,0,6238053,11308045,11995378,6238053,11308045,75534294,0,294939,4852264,5147203,294939,4852264,12,209496904,209496904,2101782320,2101782320,0,0,0,0,1094073,1094073,2102616,2102616,4294967295,4294967295,4294967295,4294967295,4294967295,4294967295,4294967295,4294967295
06/30/2022_07:09:07,5930166,0,6238879,11308871,11996204,6238879,11308871,75534294,0,294939,4852264,5147203,294939,4852264,13,209496904,209496904,2101782320,2101782320,0,0,0,0,1094073,1094073,2102616,2102616,4294967295,4294967295,4294967295,4294967295,4294967295,4294967295,4294967295,4294967295
06/30/2022_07:12:20,5930375,0,6240177,11310169,11997502,6240177,11310169,75534464,0,294939,4852264,5147203,294939,4852264,12,209497113,209497113,2101782490,2101782490,0,0,0,0,1094075,1094075,2102618,2102618,4294967295,4294967295,4294967295,4294967295,4294967295,4294967295,4294967295,4294967295
