-86.01,-10.89,16.6
-85.71,-10.88,16.74
-85.81,-10.89,16.68
-85.63,-10.88,16.9
-85.69,-10.88,16.85
-85.86,-10.89,16.69
-85.92,-10.89,16.73
-85.82,-10.88,16.88
-85.89,-10.89,16.59
-85.85,-10.89,16.82
-86.11,-10.89,16.61
-86.05,-10.89,16.57
-85.85,-10.88,16.87
-85.83,-10.89,16.74
-85.74,-10.89,16.69
-85.62,-10.88,16.87
-85.56,-10.88,17.16
-85.76,-10.88,16.93
-85.99,-10.89,16.84
-85.95,-10.89,16.59
-87.44,-10.93,15.29
-86.9,-10.91,15.93
-85.49,-10.89,16.84
-90.1,-10.88,16.87
-89.55,-10.87,17.33
-89.94,-10.89,16.35
-90.03,-10.89,16.52
-90.19,-10.89,16.5
-90.33,-10.89,16.4
-90.55,-10.89,16.55
-90.06,-10.89,16.83
-90.29,-10.89,16.45
-89.99,-10.89,16.57
-89.98,-10.88,16.94
-90.24,-10.88,16.91
-89.89,-10.88,17.05
-89.98,-10.89,16.78
-90.16,-10.88,16.85
-90.3,-10.88,16.76
-89.94,-10.89,16.72
-90.34,-10.88,16.73
-91.02,-10.91,16.08
-89.94,-10.88,16.93
-89.89,-10.88,16.86
-89.9,-10.88,17.24
-90.07,-10.88,17.03
-89.84,-10.87,17.34
-89.68,-10.87,17.35
-89.81,-10.88,17.08
-89.75,-10.88,16.98
-89.4,-10.88,17.3
-89.55,-10.88,17.12
-90.21,-10.88,16.9
-89.85,-10.88,17.15
-90.07,-10.88,16.85
-89.65,-10.88,17.26
-89.79,-10.88,17.33
-89.99,-10.88,17.2
-89.98,-10.88,16.99
-89.66,-10.88,17.22
-89.66,-10.88,17.19
-90.15,-10.89,16.62
-89.99,-10.88,17.11
-90.68,-10.89,16.53
-90.48,-10.88,16.84
-90.57,-10.89,16.67
-90.6,-10.89,16.65
-90.65,-10.89,16.52
-90.7,-10.89,16.66
-90.66,-10.89,16.46
-90.63,-10.89,16.76
-90.75,-10.89,16.61
-90.68,-10.89,16.87
-90.77,-10.89,16.65
-90.69,-10.89,16.53
-90.52,-10.89,16.57
-90.68,-10.89,16.66
-90.72,-10.89,16.54
-90.64,-10.89,16.89
-90.88,-10.9,16.47
-90.75,-10.89,16.53
-90.86,-10.89,16.46
-90.68,-10.89,16.43
-90.98,-10.89,16.54
-91.55,-10.9,16.33
-91.02,-10.89,16.6
-90.82,-10.89,16.77
-91.74,-10.9,16.28
-90.75,-10.89,16.63
-91.22,-10.89,16.43
-91.57,-10.91,16.01
-90.79,-10.89,16.61
-91,-10.89,16.58
-91.44,-10.9,16.14
-92.65,-10.92,15.63
-92.16,-10.92,15.77
-91.55,-10.9,16.43
-92.02,-10.9,16.26
-90.7,-10.88,17.06
-90.85,-10.89,16.78
-91.67,-10.91,16.01
-91.6,-10.9,16.38
-90.81,-10.88,17.31
-90.52,-10.88,17.1
-90.69,-10.88,16.9
-90.95,-10.89,16.55
-90.71,-10.89,16.69
-90.61,-10.89,16.8
-90.74,-10.89,16.8
-90.7,-10.88,16.9
-90.73,-10.89,16.74
-90.46,-10.88,16.9
-90.47,-10.88,17.13
-90.82,-10.89,16.59
-90.73,-10.89,16.64
-90.69,-10.88,16.98
-90.59,-10.89,16.78
-90.79,-10.89,16.7
-90.84,-10.88,16.82
-90.83,-10.89,16.57
-90.88,-10.89,16.55
-90.92,-10.89,16.55
-90.84,-10.89,16.6
-90.91,-10.89,16.61
-90.83,-10.89,16.6
-90.96,-10.89,16.71
-90.89,-10.89,16.64
-90.83,-10.89,16.72
-90.69,-10.89,16.69
-90.78,-10.89,16.54
-90.69,-10.88,16.87
-90.87,-10.88,16.69
-90.94,-10.89,16.58
-90.77,-10.88,16.67
-90.88,-10.89,16.59
-90.84,-10.88,16.89
-90.72,-10.89,16.63
-90.78,-10.89,16.67
-90.85,-10.89,16.63
-90.79,-10.88,16.76
-90.96,-10.89,16.56
-90.94,-10.89,16.56
-90.93,-10.89,16.54
-91.01,-10.89,16.55
-90.84,-10.89,16.7
-90.79,-10.89,16.6
-91.08,-10.89,16.52
-90.91,-10.89,16.7
-91.01,-10.89,16.67
-91.02,-10.89,16.51
-91.04,-10.89,16.6
-91.07,-10.89,16.48
-90.99,-10.88,16.9
-91.05,-10.89,16.69
-91.05,-10.88,16.75
-91,-10.89,16.61
-90.98,-10.89,16.63
-91.27,-10.89,16.35
-91.27,-10.89,16.72
-91.18,-10.88,16.62
-91.09,-10.89,16.35
-91.12,-10.89,16.39
-91.07,-10.89,16.37
-91.07,-10.89,16.64
-90.98,-10.89,16.72
-90.92,-10.9,16.55
-91.08,-10.89,16.59
-91.22,-10.89,16.37
-91.16,-10.89,16.53
-90.56,-10.89,16.52
-90.68,-10.89,16.46
-89.69,-10.89,16.71
-89.69,-10.88,16.85
-89.64,-10.89,16.71
-89.71,-10.89,16.78
-89.62,-10.88,16.73
-89.77,-10.89,16.62
-89.68,-10.88,16.86
-89.66,-10.88,16.84
-89.64,-10.88,16.83
-89.49,-10.88,16.92
-89.54,-10.88,16.9
-89.58,-10.89,16.6
-89.75,-10.89,16.62
-89.67,-10.88,16.8
-89.79,-10.89,16.57
-89.9,-10.89,16.63
-89.75,-10.88,16.76
-89.64,-10.89,16.59
-89.73,-10.89,16.56
-89.75,-10.89,16.85
-89.8,-10.89,16.63
-89.94,-10.89,16.62
-89.93,-10.89,16.69
-89.81,-10.89,16.64
-89.62,-10.88,16.69
-89.82,-10.89,16.91
-89.75,-10.89,16.67
-89.44,-10.88,16.94
-89.6,-10.88,16.91
-89.51,-10.89,16.8
-89.28,-10.88,16.96
-89.6,-10.88,16.85
-89.64,-10.89,16.67
-89.39,-10.88,16.96
-89.32,-10.88,17.07
-89.45,-10.88,16.91
-89.8,-10.89,16.62
-90.36,-10.9,16.31
-89.96,-10.89,16.56
-90.2,-10.9,16.08
-90.36,-10.89,16.42
-90.22,-10.89,16.44
-89.78,-10.89,16.5
-89.4,-10.88,17.26
-89.64,-10.89,16.73
-89.72,-10.89,16.6
-89.65,-10.89,16.62
-89.65,-10.88,16.63
-89.74,-10.89,16.7
-89.63,-10.89,16.83
-89.6,-10.88,16.77
-89.54,-10.88,16.98
-89.57,-10.88,16.9
-89.87,-10.89,16.63
-89.78,-10.89,16.69
-89.6,-10.89,16.75
-89.71,-10.89,16.57
-89.58,-10.88,16.9
-89.62,-10.89,16.66
-89.68,-10.88,16.87
-89.59,-10.88,16.81
-89.44,-10.88,16.97
-89.64,-10.88,16.95
-89.53,-10.88,16.99
-89.38,-10.88,16.87
-89.45,-10.88,17.08
-89.33,-10.88,17.23
-89.38,-10.88,17.07
-89.45,-10.88,17.01
-89.43,-10.88,17.13
-89.41,-10.88,16.97
-89.52,-10.88,16.9
-89.47,-10.88,16.97
-86.46,-10.88,17.23
-85.35,-10.87,17.34
-85.49,-10.88,16.85
-85.66,-10.89,16.59
-85.52,-10.88,16.83
-85.9,-10.89,16.45
-85.82,-10.89,16.82
-85.9,-10.89,16.61
-85.84,-10.89,16.54
-85.82,-10.89,16.64
-85.56,-10.89,16.81
-85.99,-10.89,16.47
-86.19,-10.89,16.43
-86.18,-10.89,16.45
-86.15,-10.89,16.49
-85.88,-10.89,16.54
-85.59,-10.88,16.73
-85.73,-10.89,16.73
-85.72,-10.89,16.7
-85.77,-10.88,16.89
-85.41,-10.88,16.87
-85.8,-10.89,16.69
-85.89,-10.89,16.56
-85.76,-10.88,16.75
-85.8,-10.89,16.52
-85.54,-10.88,16.99
-85.83,-10.89,16.68
-85.57,-10.88,16.92
-85.79,-10.89,16.71
-85.61,-10.89,16.75
-85.54,-10.88,16.87
-85.49,-10.88,17.06
-85.64,-10.89,16.92
-86.85,-10.91,16.05
-87.09,-10.91,15.74
-85.55,-10.89,16.92
-85.61,-10.89,16.86
-85.64,-10.89,16.73
-85.91,-10.89,16.66
-85.71,-10.89,16.69
-85.8,-10.89,16.56
-85.68,-10.89,16.7
-85.93,-10.89,16.65
-86.13,-10.9,16.17
-86.06,-10.9,16.23
-85.97,-10.89,16.55
-85.98,-10.89,16.54
-86.08,-10.89,16.48
-86.25,-10.89,16.56
-86.61,-10.9,16.34
-90.55,-10.89,16.78
-90.22,-10.88,16.67
-89.84,-10.88,17.31
-89.88,-10.88,16.99
-89.87,-10.88,17.37
-90.3,-10.88,17.1
-87.23,-10.92,15.77
-85.92,-10.88,17.08
-86.04,-10.88,16.88
-85.62,-10.88,17.02
-85.42,-10.87,17.35
-85.64,-10.88,16.93
-85.71,-10.88,16.87
-85.85,-10.89,16.71
-85.96,-10.89,16.7
-85.88,-10.89,16.8
-84.6,-10.87,17.8
-86.75,-10.87,17.36
-87.06,-10.87,17.29
-86.95,-10.88,17.24
-86.97,-10.87,17.25
-87.65,-10.88,16.76
-87.69,-10.89,16.6
-87.56,-10.88,16.9
-87.54,-10.88,16.71
-87.77,-10.89,16.65
-87.98,-10.89,16.37
-88.76,-10.89,16.56
-87.95,-10.89,16.63
-87.15,-10.88,16.86
-87.46,-10.88,16.98
-87.29,-10.88,16.88
-87.06,-10.88,17
-87.18,-10.88,17.06
-87.26,-10.88,17.1
-87.08,-10.88,17.2
-87.54,-10.88,17.11
-87.48,-10.88,16.98
-87.24,-10.88,17.18
-87.16,-10.88,17.12
-87.29,-10.88,17.17
-86.98,-10.88,17.24
-87.03,-10.88,17.09
-87.01,-10.87,17.28
-87.05,-10.87,17.37
-86.97,-10.88,17.23
-87.16,-10.88,17.27
-86.94,-10.87,17.47
-87.01,-10.87,17.39
-87.19,-10.88,17.04
-87.28,-10.88,17.11
-87.59,-10.88,17.06
-87.23,-10.88,17.09
-84.67,-10.87,17.72
-84.58,-10.86,17.83
-84.63,-10.87,17.9
-84.55,-10.87,17.74
-84.33,-10.87,17.88
-84.09,-10.86,18.04
-84.33,-10.86,17.89
-84.31,-10.87,17.95
-84.39,-10.87,17.83
-84.31,-10.86,17.99
-84.36,-10.87,17.76
-84.25,-10.86,18.16
-84.23,-10.86,18.02
-84.37,-10.86,17.88
-84.45,-10.87,18.05
-84.3,-10.86,18.14
-84.37,-10.86,18.05
-84.58,-10.87,18.05
-84.35,-10.87,17.97
-84.28,-10.86,18.02
-84.41,-10.86,18.11
-84.33,-10.86,18.12
-84.79,-10.87,17.6
-85.18,-10.87,17.56
-85.17,-10.87,17.57
-85.15,-10.87,17.55
-85.44,-10.87,17.47
-85.3,-10.87,17.46
-85.29,-10.87,17.35
-85.5,-10.87,17.36
-85.18,-10.87,17.35
-85.02,-10.87,17.4
-85.23,-10.87,17.38
-85.19,-10.87,17.59
-85.22,-10.88,17.3
-85.1,-10.87,17.29
-85.27,-10.88,17.29
-85.42,-10.87,17.34
-85.47,-10.87,17.34
-85.47,-10.88,17.28
-85.56,-10.88,17.26
-85.61,-10.88,17.19
-85.35,-10.88,17.35
-85.21,-10.87,17.39
-85.38,-10.87,17.37
-85.45,-10.88,17.44
-85.36,-10.87,17.39
-85.12,-10.87,17.34
-85.34,-10.87,17.3
-85.26,-10.87,17.45
-85.1,-10.87,17.32
-85.22,-10.87,17.32
-85.41,-10.87,17.43
-85.24,-10.88,17.28
-85.69,-10.88,17.23
-85.67,-10.87,17.31
-85.49,-10.87,17.48
-85.33,-10.88,17.33
-87.11,-10.88,16.94
-87.63,-10.89,16.66
-87.16,-10.88,16.92
-87.12,-10.88,16.95
-87.29,-10.88,16.76
-87.29,-10.88,16.94
-87.22,-10.88,16.92
-87.19,-10.88,16.98
-87.36,-10.88,16.8
-87.13,-10.88,16.93
-87.18,-10.88,16.93
-87.22,-10.88,16.89
-87.31,-10.88,16.96
-87.34,-10.88,16.92
-87.5,-10.88,16.82
-87.43,-10.88,16.96
-87.63,-10.89,16.63
-87.65,-10.88,16.74
-87.48,-10.89,16.74
-87.31,-10.88,16.93
-87.37,-10.88,16.94
-87.6,-10.89,16.63
-87.52,-10.88,16.71
-87.51,-10.88,16.75
-87.6,-10.89,16.71
-87.41,-10.88,16.92
-87.29,-10.88,16.91
-87.4,-10.89,16.67
-87.35,-10.88,16.92
-87.12,-10.89,16.77
-87.28,-10.88,16.86
-87.33,-10.88,16.97
-87.41,-10.89,16.87
-87.41,-10.89,16.79
-87.43,-10.89,16.76
-87.61,-10.89,16.64
-87.45,-10.88,16.85
-87.61,-10.89,16.66
-87.51,-10.88,16.87
-87.28,-10.88,17.06
-87.39,-10.88,16.82
-87.55,-10.88,16.89
-87.52,-10.89,16.63
-87.33,-10.89,16.88
-87.2,-10.88,16.88
-87.28,-10.88,16.89
-87.33,-10.89,16.72
-87.27,-10.88,16.82
-87.54,-10.88,16.79
-87.19,-10.88,16.84
-87.16,-10.88,16.98
-87.38,-10.89,16.81
-87.6,-10.89,16.78
-87.54,-10.88,16.9
-87.64,-10.89,16.63
-87.55,-10.88,16.87
-87.62,-10.89,16.79
-87.65,-10.89,16.73
-87.49,-10.88,16.74
-87.68,-10.89,16.67
-87.62,-10.89,16.74
-87.6,-10.89,16.78
-87.57,-10.88,16.72
-87.64,-10.89,16.74
-87.71,-10.88,16.74
-87.64,-10.88,16.81
-87.56,-10.88,16.9
-87.54,-10.88,16.88
-87.5,-10.88,16.81
-87.64,-10.89,16.75
-87.5,-10.88,16.8
-87.09,-10.88,17.18
-87.44,-10.88,17.01
-87.29,-10.88,17.07
-87.38,-10.88,17.16
-87.35,-10.88,17.18
-87.26,-10.88,17.1
-87.21,-10.88,17.19
-87.3,-10.88,17.15
-87.43,-10.87,17.21
-87.4,-10.88,17.07
-87.34,-10.88,17.15
-87.42,-10.88,17.17
-87.49,-10.88,17.12
-87.54,-10.88,17.13
-87.28,-10.88,17.16
-87.5,-10.88,17.09
-87.17,-10.88,17.15
-87.32,-10.88,17.01
-87.58,-10.88,17.01
-87.54,-10.88,17
-87.56,-10.88,16.89
-87.62,-10.88,16.96
-87.42,-10.88,17.06
-87.6,-10.88,16.93
-87.4,-10.88,17.04
-87.3,-10.88,17.07
-87.23,-10.88,17.08
-87.38,-10.88,17.16
-87.29,-10.88,17
-87.25,-10.88,17.21
-87.2,-10.87,17.15
-87.11,-10.88,17.08
-87.22,-10.88,17.16
-86.98,-10.88,17.28
-87.2,-10.88,17.06
-87.35,-10.88,17.12
-87.21,-10.88,17.1
-87.35,-10.88,17.04
-87.22,-10.88,17.11
-87.19,-10.88,17.2
-87.16,-10.88,17.03
-87.07,-10.88,17.2
-87.08,-10.88,17.16
-87.06,-10.88,17.14
-87.17,-10.88,17.09
-87.25,-10.88,17.06
-87.44,-10.88,17.08
-87.26,-10.88,17.14
-87.35,-10.88,17.24
-87.29,-10.88,17.2
-87.21,-10.88,17.12
-87.38,-10.88,17.13
-87.4,-10.88,17.18
-87.41,-10.88,17.05
-87.4,-10.88,17.04
-87.57,-10.88,17.04
-87.14,-10.88,17.27
-87.62,-10.88,16.98
-87.66,-10.88,17.07
-87.43,-10.88,17.06
-87.38,-10.88,16.98
-87.46,-10.88,17.25
-87.5,-10.88,17
-87.62,-10.89,16.85
-87.41,-10.88,17.06
-87.24,-10.88,17.06
-87.37,-10.88,17.05
-87.33,-10.88,17.16
-87.44,-10.88,16.94
-87.52,-10.88,17
-87.33,-10.88,17.05
-87.35,-10.88,17.15
-87.26,-10.88,17.08
-87.34,-10.88,17.03
-87.35,-10.88,17.17
-87.51,-10.88,17.1
-87.35,-10.88,17.16
-87.36,-10.88,17.16
-87.23,-10.88,16.99
-87.16,-10.88,17.06
-87.29,-10.88,17.07
-87.2,-10.88,17.11
-87.25,-10.88,17.11
-87.18,-10.88,17.12
-87.58,-10.88,16.99
-84.23,-10.86,18.07
-84.34,-10.86,18.16
-84.39,-10.86,18.14
-84.26,-10.86,18.1
-84.4,-10.86,18.17
-84.35,-10.86,18.14
-84.25,-10.86,18.1
-87.42,-10.88,16.86
-87.41,-10.88,16.89
-87.37,-10.89,16.8
-87.39,-10.88,16.95
-87.33,-10.88,16.98
-87.29,-10.88,17.03
-87.52,-10.89,16.69
-87.44,-10.89,16.79
-87.74,-10.88,16.84
-87.47,-10.88,16.75
-87.51,-10.89,16.84
-87.63,-10.88,16.87
-87.58,-10.88,16.81
-87.69,-10.89,16.84
-87.79,-10.89,16.76
-87.62,-10.89,16.73
-87.58,-10.89,16.76
-87.6,-10.89,16.69
-87.38,-10.88,16.97
-87.55,-10.88,16.81
-87.38,-10.89,16.76
-87.52,-10.88,16.81
-87.44,-10.88,16.8
-87.4,-10.88,16.88
-87.61,-10.89,16.69
-87.64,-10.89,16.71
-87.69,-10.89,16.58
-87.46,-10.88,16.84
-87.79,-10.89,16.68
-87.81,-10.88,16.81
-87.62,-10.88,16.9
-87.54,-10.88,16.82
-87.79,-10.89,16.64
-87.62,-10.89,16.82
-87.54,-10.88,16.73
-87.67,-10.88,16.88
-87.53,-10.88,16.95
-87.5,-10.89,16.79
-87.5,-10.88,16.91
-87.5,-10.88,17.11
-87.43,-10.88,16.89
-87.36,-10.88,16.91
-87.42,-10.88,16.96
-87.57,-10.88,16.83
-87.39,-10.88,16.95
-87.4,-10.88,16.93
-87.37,-10.88,16.85
-87.52,-10.89,16.71
-87.52,-10.88,16.9
-87.56,-10.88,16.88
-87.31,-10.88,16.91
-87.45,-10.88,16.94
-87.55,-10.88,16.92
-87.15,-10.88,17.1
-87.37,-10.88,16.9
-87.36,-10.88,17.08
-87.43,-10.88,16.94
-87.42,-10.88,17.03
-87.38,-10.88,16.87
-87.32,-10.88,16.91
-87.37,-10.88,16.84
-87.48,-10.88,16.9
-87.58,-10.88,16.8
-87.58,-10.89,16.75
-87.47,-10.88,16.96
-87.41,-10.88,16.9
-87.45,-10.88,16.87
-87.5,-10.88,16.93
-87.78,-10.88,16.78
-87.88,-10.89,16.48
-87.53,-10.88,16.76
-87.59,-10.89,16.63
-87.5,-10.88,17.09
-87.17,-10.88,17.15
-87.32,-10.88,17.01
-87.58,-10.88,17.01
-87.54,-10.88,17
-87.56,-10.88,16.89
-87.62,-10.88,16.96
-87.42,-10.88,17.06
-87.6,-10.88,16.93
-87.4,-10.88,17.04
-87.3,-10.88,17.07
-87.23,-10.88,17.08
-87.38,-10.88,17.16
-87.29,-10.88,17
-87.25,-10.88,17.21
-87.2,-10.87,17.15
-87.11,-10.88,17.08
-87.22,-10.88,17.16
-86.98,-10.88,17.28
-87.2,-10.88,17.06
-87.35,-10.88,17.12
-87.21,-10.88,17.1
-87.35,-10.88,17.04
-87.22,-10.88,17.11
-87.19,-10.88,17.2
-87.16,-10.88,17.03
-87.07,-10.88,17.2
-87.08,-10.88,17.16
-87.06,-10.88,17.14
-87.17,-10.88,17.09
-87.25,-10.88,17.06
-87.44,-10.88,17.08
-87.26,-10.88,17.14
-87.35,-10.88,17.24
-87.29,-10.88,17.2
-87.21,-10.88,17.12
-87.38,-10.88,17.13
-87.4,-10.88,17.18
-87.41,-10.88,17.05
-87.4,-10.88,17.04
-89.71,-10.89,16.57
-89.58,-10.88,16.9
-89.62,-10.89,16.66
-89.68,-10.88,16.87
-89.59,-10.88,16.81
-89.44,-10.88,16.97
-89.64,-10.88,16.95
-89.53,-10.88,16.99
-89.38,-10.88,16.87
-89.45,-10.88,17.08
-89.33,-10.88,17.23
-89.38,-10.88,17.07
-89.45,-10.88,17.01
-89.43,-10.88,17.13
-89.41,-10.88,16.97
-89.52,-10.88,16.9
-89.47,-10.88,16.97
-86.46,-10.88,17.23
-85.35,-10.87,17.34
-85.49,-10.88,16.85
-85.66,-10.89,16.59
-85.52,-10.88,16.83
-85.9,-10.89,16.45
-85.82,-10.89,16.82
-85.9,-10.89,16.61
-85.84,-10.89,16.54
-85.82,-10.89,16.64
-85.56,-10.89,16.81
-85.99,-10.89,16.47
-86.19,-10.89,16.43
-91.92,-10.91,15.69
-91.9,-10.92,15.4
-91.85,-10.92,15.45
-91.74,-10.92,15.66
-91.66,-10.91,15.57
-91.69,-10.91,15.55
-92.09,-10.91,15.47
-91.91,-10.91,15.59
-91.86,-10.91,15.67
-91.57,-10.9,15.84
-87.5,-10.88,16.82
-87.43,-10.88,16.96
-87.63,-10.89,16.63
-87.65,-10.88,16.74
-87.48,-10.89,16.74
-87.31,-10.88,16.93
-87.37,-10.88,16.94
-87.6,-10.89,16.63
-87.52,-10.88,16.71
-87.51,-10.88,16.75
-85.43,-10.88,17.29
-86.23,-10.89,16.82
-85.7,-10.88,17.02
-85.52,-10.88,17.04
-84.95,-10.87,17.71
-83.74,-10.87,17.81
-84.53,-10.88,17.19
-86.97,-10.89,16.5
-85.48,-10.89,16.67
-84.18,-10.89,16.57
-91.54,-10.91,15.86
-91.71,-10.91,15.63
-91.7,-10.91,15.69
-91.59,-10.91,15.64
-91.67,-10.91,15.63
-91.91,-10.92,15.58
-93.12,-10.93,14.92
-93.21,-10.92,15.21
-93,-10.92,15.17
-92.84,-10.92,15.35
-85.75,-10.89,16.63
-84.33,-10.87,17.4
-84.08,-10.87,17.9
-84.85,-10.87,17.65
-84.77,-10.87,17.91
-84.63,-10.87,17.74
-84.27,-10.87,17.85
-84.12,-10.87,17.79
-84.34,-10.87,17.85
-84.86,-10.87,17.69
-92.83,-10.91,15.65
-93.22,-10.92,15.19
-93.11,-10.92,15.21
-93.32,-10.93,15.11
-92.96,-10.92,15.19
-93.45,-10.96,14.23
-93.32,-10.93,14.96
-92.52,-10.92,15.39
-92.12,-10.92,15.33
-91.92,-10.91,15.63
-91.74,-10.9,16.28
-90.75,-10.89,16.63
-91.22,-10.89,16.43
-91.57,-10.91,16.01
-90.79,-10.89,16.61
-91,-10.89,16.58
-91.44,-10.9,16.14
-92.65,-10.92,15.63
-92.16,-10.92,15.77
-91.55,-10.9,16.43
-92.38,-10.92,15.36
-92.22,-10.93,15.09
-92.58,-10.92,15.28
-92.31,-10.92,15.28
-92.29,-10.92,15.37
-92.48,-10.92,15.37
-92.34,-10.93,15.16
-92.42,-10.94,14.76
-92.31,-10.92,15.31
-92.09,-10.92,15.49
-97.45,-11.02,12.83
-97.55,-11.03,12.49
-97.56,-11.02,12.67
-97.72,-11.02,12.78
-97.54,-11.03,12.63
-97.44,-11.02,12.74
-97.75,-11.03,12.48
-97.77,-11.04,12.26
-97.84,-11.05,12.11
-98.03,-11.06,12.02
-92.02,-10.9,16.26
-90.7,-10.88,17.06
-90.85,-10.89,16.78
-91.67,-10.91,16.01
-91.6,-10.9,16.38
-90.81,-10.88,17.31
-90.52,-10.88,17.1
-90.69,-10.88,16.9
-90.95,-10.89,16.55
-90.71,-10.89,16.69
-90.61,-10.89,16.8
-90.74,-10.89,16.8
-90.7,-10.88,16.9
-90.73,-10.89,16.74
-90.46,-10.88,16.9
-90.47,-10.88,17.13
-90.82,-10.89,16.59
-90.73,-10.89,16.64
-90.69,-10.88,16.98
-90.59,-10.89,16.78
-90.79,-10.89,16.7
-90.84,-10.88,16.82
-90.83,-10.89,16.57
-90.88,-10.89,16.55
-90.92,-10.89,16.55
-90.84,-10.89,16.6
-90.91,-10.89,16.61
-90.83,-10.89,16.6
-90.96,-10.89,16.71
-90.89,-10.89,16.64
-92.12,-10.91,15.71
-92.34,-10.91,15.61
-92.2,-10.91,15.62
-92.34,-10.92,15.5
-92.24,-10.92,15.39
-92.45,-10.93,14.93
-92.51,-10.93,15.11
-92.23,-10.92,15.44
-89.67,-10.92,15.27
-88.27,-10.92,15.33
-88.17,-10.92,15.35
-87.91,-10.92,15.55
-88.28,-10.92,15.4
-88.35,-10.92,15.21
-88.16,-10.92,15.42
-88.02,-10.93,15.14
-87.98,-10.92,15.55
-88.02,-10.92,15.41
-87.91,-10.92,15.25
-88.13,-10.92,15.44
-88.08,-10.91,15.62
-88.15,-10.92,15.38
-88.16,-10.92,15.49
-88.18,-10.91,15.61
-88.24,-10.92,15.38
-88.34,-10.92,15.4
-88.55,-10.94,14.88
-88.47,-10.94,14.98
-88.33,-10.92,15.25
-88.1,-10.92,15.39
-98.93,-11.03,12.42
-98.93,-11.03,12.53
-98.99,-11.03,12.4
-98.97,-11.04,12.38
-98.94,-11.04,12.36
-98.92,-11.03,12.61
-98.91,-11.03,12.55
-98.98,-11.05,12.21
-98.98,-11.04,12.53
-98.86,-11.03,12.53
-97.51,-11.03,12.49
-97.57,-11.02,12.6
-97.54,-11.03,12.7
-97.39,-11.02,12.72
-97.51,-11.03,12.62
-97.57,-11.03,12.55
-97.6,-11.03,12.55
-97.38,-11.02,12.85
-97.2,-11.01,12.88
-97.15,-11.01,13.05
-88.08,-10.92,15.45
-88.15,-10.92,15.25
-88.27,-10.92,15.5
-88.17,-10.92,15.46
-88.35,-10.93,15.15
-88.68,-10.92,15.35
-88.55,-10.93,15.12
-88.47,-10.92,15.22
-88.52,-10.93,15.16
-88.24,-10.92,15.18
-88.07,-10.93,15.19
-88.02,-10.92,15.26
-88.39,-10.92,15.21
-88.44,-10.93,15.02
-88.2,-10.92,15.28
-89.86,-10.92,15.39
-92.14,-10.9,15.93
-92.1,-10.9,15.98
-91.95,-10.9,16.1
-87.6,-10.89,16.71
-87.41,-10.88,16.92
-87.29,-10.88,16.91
-87.4,-10.89,16.67
-87.35,-10.88,16.92
-87.12,-10.89,16.77
-87.28,-10.88,16.86
-87.33,-10.88,16.97
-87.41,-10.89,16.87
-87.41,-10.89,16.79
-87.43,-10.89,16.76
-87.61,-10.89,16.64
-87.45,-10.88,16.85
-87.61,-10.89,16.66
-87.51,-10.88,16.87
-87.28,-10.88,17.06
-87.39,-10.88,16.82
-87.55,-10.88,16.89
-87.52,-10.89,16.63
-87.33,-10.89,16.88
-87.2,-10.88,16.88
-87.28,-10.88,16.89
-87.33,-10.89,16.72
-87.27,-10.88,16.82
-87.54,-10.88,16.79
-87.19,-10.88,16.84
-87.16,-10.88,16.98
-87.38,-10.89,16.81
-87.6,-10.89,16.78
-87.54,-10.88,16.9
-87.64,-10.89,16.63
-87.55,-10.88,16.87
-87.62,-10.89,16.79
-87.65,-10.89,16.73
-87.49,-10.88,16.74
-87.68,-10.89,16.67
-87.62,-10.89,16.74
-87.6,-10.89,16.78
-87.57,-10.88,16.72
-87.64,-10.89,16.74
-83.67,-10.87,17.82
-84.37,-10.86,17.9
-84.85,-10.87,17.77
-84.2,-10.87,17.84
-84.67,-10.87,17.94
-83.83,-10.87,17.74
-83.38,-10.86,18.16
-83.85,-10.87,17.89
-84.23,-10.87,17.76
-83.78,-10.86,17.83
-83.65,-10.86,18.14
-83.74,-10.87,17.95
-83.53,-10.86,18.13
-83.47,-10.86,18.04
-83.6,-10.87,17.71
-83.72,-10.87,17.87
-84.17,-10.87,17.69
-83.9,-10.87,17.85
-83.43,-10.86,18.05
-83.51,-10.86,17.97
-83.54,-10.87,17.88
-83.86,-10.87,17.94
-83.63,-10.86,18
-83.98,-10.86,17.86
-83.87,-10.87,17.88
-83.63,-10.87,17.77
-84.33,-10.87,17.62
-84.22,-10.87,17.65
-83.95,-10.87,17.75
-84.09,-10.87,17.79
-84.1,-10.87,17.66
-84.21,-10.87,17.73
-84.25,-10.87,17.66
-84,-10.87,17.43
-84.03,-10.87,17.63
-83.81,-10.87,17.66
-83.94,-10.87,17.79
-84.08,-10.87,17.69
-84.2,-10.87,17.61
-83.88,-10.86,17.95
-89.68,-10.88,16.86
-89.66,-10.88,16.84
-89.64,-10.88,16.83
-89.49,-10.88,16.92
-89.54,-10.88,16.9
-89.58,-10.89,16.6
-89.75,-10.89,16.62
-89.67,-10.88,16.8
-89.79,-10.89,16.57
-89.9,-10.89,16.63
-89.75,-10.88,16.76
-89.64,-10.89,16.59
-89.73,-10.89,16.56
-89.75,-10.89,16.85
-89.8,-10.89,16.63
-89.94,-10.89,16.62
-89.93,-10.89,16.69
-89.81,-10.89,16.64
-89.62,-10.88,16.69
-89.82,-10.89,16.91
-89.75,-10.89,16.67
-89.44,-10.88,16.94
-89.6,-10.88,16.91
-89.51,-10.89,16.8
-89.28,-10.88,16.96
-89.6,-10.88,16.85
-89.64,-10.89,16.67
-89.39,-10.88,16.96
-89.32,-10.88,17.07
-89.45,-10.88,16.91
-89.8,-10.89,16.62
-90.36,-10.9,16.31
-89.96,-10.89,16.56
-90.2,-10.9,16.08
-90.36,-10.89,16.42
-90.22,-10.89,16.44
-89.78,-10.89,16.5
-89.4,-10.88,17.26
-89.64,-10.89,16.73
-89.72,-10.89,16.6
-89.65,-10.89,16.62
-89.65,-10.88,16.63
-89.74,-10.89,16.7
-89.63,-10.89,16.83
-89.6,-10.88,16.77
-89.54,-10.88,16.98
-89.57,-10.88,16.9
-89.87,-10.89,16.63
-89.78,-10.89,16.69
-89.6,-10.89,16.75
-93.15,-10.92,15.41
-93.11,-10.91,15.51
-93.14,-10.92,15.21
-93.1,-10.92,15.38
-92.92,-10.91,15.52
-92.86,-10.91,15.46
-92.56,-10.92,15.58
-93.2,-10.92,15.35
-93.06,-10.91,15.53
-92.94,-10.92,15.56
-93.17,-10.92,15.25
-93.15,-10.92,15.29
-93.22,-10.92,15.32
-93.22,-10.92,15.39
-93.14,-10.93,15.14
-93.18,-10.93,15.14
-93.24,-10.92,15.43
-93.35,-10.92,15.37
-93.24,-10.92,15.4
-93.43,-10.92,15.26
-93.56,-10.92,15.49
-93.56,-10.92,15.43
-93.57,-10.92,15.36
-93.46,-10.92,15.38
-93.34,-10.92,15.26
-93.35,-10.92,15.32
-93.65,-10.92,15.4
-93.13,-10.91,15.51
-93.12,-10.92,15.17
-93.32,-10.92,15.42
-83.7,-10.86,17.93
-83.91,-10.87,17.65
-83.73,-10.86,17.98
-83.91,-10.87,17.74
-83.71,-10.87,17.81
-83.6,-10.86,17.8
-84.03,-10.87,17.82
-83.56,-10.86,18
-83.83,-10.87,17.75
-84.08,-10.87,17.77
-83.75,-10.87,17.91
-83.86,-10.87,17.82
-83.86,-10.87,17.79
-83.99,-10.87,17.78
-83.15,-10.87,17.73
-83.31,-10.87,17.43
-83.56,-10.87,17.5
-83.38,-10.87,17.5
-83.35,-10.87,17.61
-83.19,-10.88,17.48
-83.27,-10.87,17.52
-83.15,-10.87,17.47
-82.96,-10.87,17.84
-83.55,-10.87,17.37
-83.27,-10.88,17.48
-83.74,-10.88,17.06
-84.24,-10.89,16.6
-84.51,-10.87,17.73
-83.84,-10.86,18.01
-82.42,-10.87,17.83
-82.41,-10.87,17.94
-82.57,-10.87,18
-86.35,-10.88,17.38
-83.57,-10.88,17.36
-83.77,-10.87,17.63
-84.6,-10.87,17.24
-84.35,-10.87,17.56
-84.33,-10.87,17.55
-84.46,-10.87,17.5
-84.6,-10.87,17.57
-84.21,-10.87,17.6
-83.52,-10.87,17.67
-83.87,-10.87,17.7
-83.77,-10.87,17.54
-84.15,-10.87,17.52
-84.03,-10.87,17.73
-84.02,-10.87,17.55
-84.24,-10.87,17.45
-84,-10.87,17.67
-84.05,-10.87,17.4
-83.95,-10.87,17.66
-84.09,-10.87,17.5
-84.08,-10.87,17.62
-83.66,-10.87,17.57
-83.86,-10.87,17.4
-83.97,-10.87,17.58
-84.22,-10.87,17.55
-83.82,-10.87,17.7
-84.2,-10.87,17.56
-84.24,-10.87,17.73
-84.2,-10.87,17.72
-84.17,-10.87,17.78
-84.06,-10.87,17.61
-83.93,-10.86,17.8
-83.89,-10.87,17.58
-84.07,-10.87,17.7
-84.33,-10.87,17.62
-84.3,-10.87,17.68
-83.86,-10.87,17.71
-84.05,-10.86,17.85
-84,-10.87,17.53
-84.28,-10.87,17.6
-84.31,-10.87,17.62
-84.34,-10.87,17.69
-84.31,-10.87,17.62
-84.27,-10.87,17.54
-84.5,-10.87,17.6
-84.4,-10.87,17.63
-84.25,-10.87,17.55
-84.41,-10.87,17.54
-87.67,-10.88,16.88
-87.53,-10.88,16.95
-87.5,-10.89,16.79
-87.5,-10.88,16.91
-87.5,-10.88,17.11
-87.43,-10.88,16.89
-87.36,-10.88,16.91
-87.42,-10.88,16.96
-87.57,-10.88,16.83
-87.39,-10.88,16.95
-87.4,-10.88,16.93
-87.37,-10.88,16.85
-87.52,-10.89,16.71
-87.52,-10.88,16.9
-87.56,-10.88,16.88
-87.31,-10.88,16.91
-87.45,-10.88,16.94
-87.55,-10.88,16.92
-87.15,-10.88,17.1
-87.37,-10.88,16.9
-87.36,-10.88,17.08
-87.43,-10.88,16.94
-87.42,-10.88,17.03
-87.38,-10.88,16.87
-87.32,-10.88,16.91
-87.37,-10.88,16.84
-87.48,-10.88,16.9
-87.58,-10.88,16.8
-87.58,-10.89,16.75
-87.47,-10.88,16.96
-84.6,-10.87,17.58
-84.45,-10.87,17.53
-84.4,-10.87,17.7
-84.14,-10.87,17.67
-84.19,-10.87,17.65
-84.41,-10.87,17.64
-84.54,-10.87,17.55
-84.74,-10.87,17.63
-84.33,-10.87,17.52
-84.46,-10.87,17.61
-84.16,-10.87,17.54
-84.38,-10.87,17.53
-84.49,-10.88,17.36
-84.52,-10.87,17.4
-84.27,-10.87,17.55
-84.38,-10.87,17.45
-84.34,-10.87,17.5
-84.26,-10.87,17.42
-84.31,-10.87,17.56
-84.31,-10.87,17.43
-83.92,-10.87,17.46
-84.32,-10.87,17.59
-84.34,-10.87,17.64
-84.3,-10.88,17.34
-84.52,-10.88,17.33
-84.52,-10.88,17.32
-84.55,-10.88,17.32
-84.21,-10.87,17.51
-84.25,-10.87,17.46
-84.28,-10.87,17.57
-84.59,-10.87,17.31
-84.63,-10.87,17.46
-84.47,-10.87,17.65
-84.73,-10.87,17.59
-84.39,-10.87,17.4
-84.38,-10.88,17.41
-84.22,-10.87,17.54
-83.77,-10.87,17.59
-83.95,-10.87,17.7
-83.99,-10.87,17.7
-84.21,-10.87,17.53
-84.06,-10.87,17.61
-84.02,-10.87,17.56
-84.02,-10.87,17.53
-84.32,-10.87,17.78
-84.43,-10.87,17.48
-84.82,-10.87,17.53
-84.56,-10.87,17.38
-84.71,-10.88,17.23
-86.33,-10.88,17.33
-86.18,-10.89,16.45
-86.15,-10.89,16.49
-85.88,-10.89,16.54
-85.59,-10.88,16.73
-85.73,-10.89,16.73
-85.72,-10.89,16.7
-85.77,-10.88,16.89
-85.41,-10.88,16.87
-85.8,-10.89,16.69
-85.89,-10.89,16.56
-85.76,-10.88,16.75
-85.8,-10.89,16.52
-85.54,-10.88,16.99
-85.83,-10.89,16.68
-85.57,-10.88,16.92
-85.79,-10.89,16.71
-85.61,-10.89,16.75
-85.54,-10.88,16.87
-85.49,-10.88,17.06
-85.64,-10.89,16.92
-86.85,-10.91,16.05
-87.09,-10.91,15.74
-85.55,-10.89,16.92
-85.61,-10.89,16.86
-85.64,-10.89,16.73
-85.91,-10.89,16.66
-85.71,-10.89,16.69
-85.8,-10.89,16.56
-85.68,-10.89,16.7
-85.93,-10.89,16.65
-86.13,-10.9,16.17
-86.06,-10.9,16.23
-85.97,-10.89,16.55
-85.98,-10.89,16.54
-86.08,-10.89,16.48
-86.25,-10.89,16.56
-86.61,-10.9,16.34
-87.23,-10.92,15.77
-85.92,-10.88,17.08
-86.04,-10.88,16.88
-85.62,-10.88,17.02
-85.42,-10.87,17.35
-85.64,-10.88,16.93
-85.71,-10.88,16.87
-85.85,-10.89,16.71
-85.96,-10.89,16.7
-85.88,-10.89,16.8
-86.01,-10.89,16.6
-85.71,-10.88,16.74
-85.81,-10.89,16.68
-85.63,-10.88,16.9
-85.69,-10.88,16.85
-85.86,-10.89,16.69
-85.92,-10.89,16.73
-85.82,-10.88,16.88
-85.89,-10.89,16.59
-85.85,-10.89,16.82
-86.11,-10.89,16.61
-86.05,-10.89,16.57
-85.85,-10.88,16.87
-85.83,-10.89,16.74
-85.74,-10.89,16.69
-85.62,-10.88,16.87
-85.56,-10.88,17.16
-85.76,-10.88,16.93
-85.99,-10.89,16.84
-85.95,-10.89,16.59
-87.44,-10.93,15.29
-86.9,-10.91,15.93
-85.49,-10.89,16.84
-87.41,-10.88,16.9
-87.45,-10.88,16.87
-87.5,-10.88,16.93
-87.78,-10.88,16.78
-87.88,-10.89,16.48
-87.53,-10.88,16.76
-87.59,-10.89,16.63
-87.64,-10.89,16.75
-87.5,-10.88,16.8
-87.65,-10.88,16.76
-87.69,-10.89,16.6
-87.56,-10.88,16.9
-87.54,-10.88,16.71
-87.77,-10.89,16.65
-87.98,-10.89,16.37
-88.76,-10.89,16.56
-87.95,-10.89,16.63
-87.15,-10.88,16.86
-87.46,-10.88,16.98
-87.29,-10.88,16.88
-87.06,-10.88,17
-87.18,-10.88,17.06
-87.26,-10.88,17.1
-87.08,-10.88,17.2
-86.75,-10.87,17.36
-87.06,-10.87,17.29
-86.95,-10.88,17.24
-86.97,-10.87,17.25
-86.98,-10.88,17.24
-87.03,-10.88,17.09
-87.01,-10.87,17.28
-87.05,-10.87,17.37
-86.97,-10.88,17.23
-87.16,-10.88,17.27
-86.94,-10.87,17.47
-87.01,-10.87,17.39
-87.19,-10.88,17.04
-87.28,-10.88,17.11
-87.59,-10.88,17.06
-87.23,-10.88,17.09
-87.54,-10.88,17.11
-87.48,-10.88,16.98
-87.24,-10.88,17.18
-87.16,-10.88,17.12
-87.29,-10.88,17.17
-87.09,-10.88,17.18
-87.44,-10.88,17.01
-87.29,-10.88,17.07
-87.38,-10.88,17.16
-87.35,-10.88,17.18
-87.26,-10.88,17.1
-87.21,-10.88,17.19
-87.3,-10.88,17.15
-87.43,-10.87,17.21
-87.4,-10.88,17.07
-87.34,-10.88,17.15
-87.42,-10.88,17.17
-87.49,-10.88,17.12
-87.54,-10.88,17.13
-87.28,-10.88,17.16
-85.01,-10.88,16.85
-84.86,-10.88,16.76
-85.1,-10.89,16.87
-84.81,-10.89,16.7
-85.39,-10.89,16.87
-84.71,-10.88,16.98
-84.07,-10.88,16.97
-83.56,-10.87,17.53
-86.12,-10.88,16.86
-84.87,-10.88,16.88
-84.8,-10.89,16.78
-84.76,-10.87,17.58
-84.42,-10.87,17.76
-84.43,-10.86,17.98
-85.63,-10.89,16.81
-85.79,-10.89,16.8
-85.08,-10.87,17.72
-84.75,-10.87,17.73
-85.01,-10.88,17.44
-84.81,-10.87,17.73
-84.23,-10.86,18.07
-84.34,-10.86,18.16
-84.39,-10.86,18.14
-84.26,-10.86,18.1
-84.4,-10.86,18.17
-84.35,-10.86,18.14
-84.25,-10.86,18.1
-84.6,-10.87,17.8
-84.67,-10.87,17.72
-84.58,-10.86,17.83
-84.63,-10.87,17.9
-84.55,-10.87,17.74
-84.33,-10.87,17.88
-84.09,-10.86,18.04
-84.33,-10.86,17.89
-84.31,-10.87,17.95
-84.39,-10.87,17.83
-84.31,-10.86,17.99
-84.36,-10.87,17.76
-84.25,-10.86,18.16
-81.76,-10.86,18.03
-81.3,-10.86,18.44
-81.33,-10.86,18.39
-81.2,-10.86,18.18
-81.36,-10.86,18.03
-81.55,-10.87,17.72
-81.4,-10.86,18.09
-81.36,-10.86,18.06
-81.35,-10.86,18.04
-81.46,-10.87,17.88
-84.28,-10.88,17.14
-83.83,-10.88,17.28
-84.1,-10.88,17.12
-84.47,-10.88,17.1
-84.48,-10.88,17.09
-84.65,-10.88,17.28
-84.38,-10.88,17.14
-83.9,-10.87,17.44
-83.86,-10.87,17.28
-84.01,-10.87,17.3
-81.36,-10.86,18.07
-81.41,-10.86,17.95
-81.28,-10.86,18.19
-81.44,-10.86,18.07
-81.26,-10.86,18.18
-81.18,-10.86,18.1
-81.15,-10.86,18.13
-81.33,-10.86,18.06
-81.2,-10.86,18.02
-81.32,-10.86,17.94
-89.68,-10.87,17.35
-89.81,-10.88,17.08
-89.75,-10.88,16.98
-89.4,-10.88,17.3
-89.55,-10.88,17.12
-90.21,-10.88,16.9
-89.85,-10.88,17.15
-90.07,-10.88,16.85
-89.65,-10.88,17.26
-89.79,-10.88,17.33
-81.46,-10.87,17.74
-81.41,-10.86,17.84
-81.49,-10.86,17.94
-81.62,-10.86,17.84
-81.26,-10.86,17.99
-81.34,-10.87,17.93
-81.33,-10.86,17.88
-81.34,-10.86,17.99
-81.3,-10.86,18.09
-81.45,-10.86,18.06
-85.23,-10.87,17.38
-85.19,-10.87,17.59
-85.22,-10.88,17.3
-85.1,-10.87,17.29
-85.27,-10.88,17.29
-85.42,-10.87,17.34
-85.47,-10.87,17.34
-85.47,-10.88,17.28
-85.56,-10.88,17.26
-85.61,-10.88,17.19
-81.48,-10.86,18.19
-81.32,-10.86,18.18
-81.46,-10.86,18.07
-81.33,-10.86,18.25
-81.49,-10.86,18.31
-81.47,-10.86,18.11
-81.43,-10.85,18.5
-81.36,-10.86,18.34
-81.48,-10.86,18.49
-81.43,-10.86,18.39
-90.55,-10.89,16.78
-90.22,-10.88,16.67
-89.84,-10.88,17.31
-89.88,-10.88,16.99
-89.87,-10.88,17.37
-90.3,-10.88,17.1
-90.1,-10.88,16.87
-89.55,-10.87,17.33
-89.94,-10.89,16.35
-90.03,-10.89,16.52
-81.47,-10.86,18.15
-81.39,-10.86,18.38
-81.45,-10.86,18.25
-81.61,-10.86,18.07
-81.48,-10.86,18.17
-81.45,-10.86,18.3
-81.59,-10.86,18.17
-81.52,-10.86,18.2
-81.42,-10.87,18.1
-81.53,-10.86,18.07
-83.66,-10.87,17.39
-84.01,-10.87,17.44
-83.58,-10.87,17.54
-83.76,-10.88,17.33
-84.05,-10.88,17.43
-84.26,-10.88,17.28
-84.2,-10.88,17.22
-84.23,-10.88,17.21
-84.22,-10.88,17.13
-84.25,-10.88,17.02
-81.38,-10.86,18.11
-81.47,-10.86,18.06
-81.32,-10.86,18.05
-81.28,-10.86,18.14
-81.36,-10.87,18
-81.45,-10.86,17.99
-81.36,-10.86,18.09
-81.54,-10.86,17.91
-81.66,-10.87,17.85
-81.6,-10.87,17.84
-98.89,-11.03,12.57
-99.01,-11.03,12.49
-98.92,-11.03,12.43
-98.92,-11.04,12.38
-98.9,-11.03,12.52
-98.88,-11.02,12.6
-99.04,-11.04,12.22
-98.92,-11.04,12.47
-99.37,-11.06,12.02
-99.28,-11.05,12.16
-81.89,-10.87,17.75
-81.91,-10.87,17.87
-81.78,-10.86,17.92
-81.66,-10.87,17.74
-81.72,-10.87,17.75
-81.73,-10.87,17.79
-81.67,-10.86,18.01
-81.56,-10.86,18.13
-81.7,-10.86,17.99
-81.72,-10.87,17.89
-90.16,-10.88,16.85
-90.3,-10.88,16.76
-89.94,-10.89,16.72
-90.34,-10.88,16.73
-91.02,-10.91,16.08
-89.94,-10.88,16.93
-89.89,-10.88,16.86
-89.9,-10.88,17.24
-90.07,-10.88,17.03
-89.84,-10.87,17.34
-82.61,-10.87,17.58
-83.89,-10.88,17.39
-85.01,-10.87,17.26
-83.29,-10.88,16.95
-84.09,-10.87,17.72
-83.02,-10.87,17.66
-85.97,-10.89,16.57
-87.88,-10.89,16.34
-87.25,-10.89,16.43
-87.01,-10.88,16.73
-90.19,-10.89,16.5
-90.33,-10.89,16.4
-90.55,-10.89,16.55
-90.06,-10.89,16.83
-90.29,-10.89,16.45
-89.99,-10.89,16.57
-89.98,-10.88,16.94
-90.24,-10.88,16.91
-89.89,-10.88,17.05
-89.98,-10.89,16.78
-87.09,-10.88,17.06
-86.33,-10.88,17.22
-79.47,-10.86,17.98
-81.37,-10.88,17.17
-81.2,-10.86,18.09
-80.84,-10.86,18.08
-81.97,-10.87,17.54
-82.57,-10.88,17.12
-83.03,-10.88,17.17
-86.05,-10.88,16.83
-93.34,-10.92,15.51
-93.11,-10.92,15.43
-93.31,-10.91,15.61
-93.45,-10.92,15.43
-93.6,-10.92,15.43
-93.04,-10.91,15.79
-93.27,-10.91,15.54
-93.13,-10.91,15.68
-93.16,-10.92,15.35
-93.07,-10.92,15.25
-86.73,-10.92,15.5
-86.41,-10.89,16.6
-86.32,-10.89,16.71
-86.28,-10.89,16.55
-86.11,-10.89,16.75
-86.32,-10.89,16.57
-86.17,-10.89,16.69
-86.2,-10.89,16.67
-86.01,-10.88,16.69
-86.18,-10.89,16.6
-84.79,-10.87,17.6
-85.18,-10.87,17.56
-85.17,-10.87,17.57
-85.15,-10.87,17.55
-85.44,-10.87,17.47
-85.3,-10.87,17.46
-85.29,-10.87,17.35
-85.5,-10.87,17.36
-85.18,-10.87,17.35
-85.02,-10.87,17.4
-86.06,-10.88,16.75
-86.07,-10.89,16.72
-86.17,-10.89,16.75
-86.25,-10.89,16.55
-86.37,-10.89,16.58
-86.5,-10.88,16.67
-85.95,-10.88,16.84
-85.82,-10.88,16.76
-86.22,-10.89,16.55
-86.07,-10.89,16.55
-92.61,-10.91,15.62
-92.85,-10.91,15.58
-93.07,-10.91,15.61
-92.94,-10.91,15.77
-93.11,-10.92,15.39
-93.14,-10.92,15.42
-93.07,-10.92,15.21
-93.09,-10.91,15.77
-93.09,-10.92,15.22
-93.17,-10.91,15.56
-86.24,-10.89,16.43
-86.11,-10.89,16.78
-86.19,-10.89,16.46
-86.28,-10.89,16.5
-86.29,-10.89,16.68
-86.21,-10.89,16.8
-86.1,-10.88,16.82
-86.12,-10.88,16.87
-85.93,-10.88,17.03
-86.12,-10.89,16.69
-93.07,-10.91,15.6
-93.39,-10.92,15.25
-93.4,-10.93,15.21
-93.27,-10.92,15.33
-92.87,-10.91,15.52
-92.94,-10.93,15.11
-93.38,-10.93,15.12
-93.14,-10.92,15.25
-93,-10.91,15.57
-93.26,-10.91,15.72
-86.1,-10.88,16.9
-86.29,-10.88,16.71
-85.99,-10.89,16.77
-86.25,-10.89,16.55
-86.13,-10.89,16.5
-86.2,-10.89,16.66
-85.87,-10.89,16.7
-86.19,-10.89,16.41
-86.25,-10.89,16.47
-86.08,-10.88,16.67
-84.4,-10.88,16.99
-85.03,-10.89,16.64
-84.48,-10.88,17.03
-84.46,-10.88,17.02
-84.58,-10.89,16.44
-84.92,-10.89,16.39
-84.52,-10.89,16.68
-84.32,-10.88,16.87
-84.62,-10.88,16.93
-84.54,-10.89,16.78
-86.24,-10.89,16.65
-86.37,-10.9,16.42
-86.43,-10.89,16.69
-86.23,-10.89,16.51
-86.05,-10.89,16.59
-86.15,-10.88,16.66
-86.28,-10.9,16.39
-86.37,-10.89,16.72
-85.95,-10.89,16.72
-86.23,-10.89,16.82
-84.27,-10.88,17.23
-84.19,-10.88,17.35
-84.22,-10.88,17.39
-84.52,-10.88,17.12
-84.6,-10.88,17.11
-84.71,-10.88,17.11
-84.42,-10.88,17.01
-84.75,-10.88,16.83
-85.09,-10.89,16.57
-84.86,-10.89,16.71
-86.46,-10.89,16.6
-86.18,-10.89,16.45
-86.56,-10.9,16.46
-86.08,-10.89,16.61
-86.27,-10.89,16.57
-86.42,-10.89,16.5
-86.54,-10.89,16.62
-86.17,-10.89,16.58
-86.44,-10.88,16.63
-86.06,-10.88,16.71
-84.15,-10.88,17.31
-84.52,-10.88,16.93
-84.21,-10.88,17.22
-84.22,-10.88,17.03
-83.94,-10.87,17.35
-84.2,-10.88,17.09
-84.24,-10.87,17.39
-84.05,-10.88,17.24
-84.25,-10.87,17.23
-84.25,-10.87,17.26
-86.09,-10.89,16.6
-86.36,-10.89,16.47
-85.84,-10.88,16.84
-86.24,-10.89,16.55
-86.34,-10.89,16.49
-86.08,-10.88,16.77
-86.31,-10.89,16.65
-85.92,-10.89,16.7
-86.09,-10.88,16.88
-86.42,-10.89,16.57
-92.99,-10.94,14.8
-92.85,-10.94,14.7
-93.2,-10.95,14.57
-93.39,-10.95,14.5
-93.58,-10.95,14.39
-93.07,-10.94,14.62
-93.1,-10.95,14.48
-92.92,-10.95,14.48
-92.81,-10.94,14.67
-92.66,-10.94,14.73
-86.14,-10.88,16.83
-86.32,-10.89,16.71
-86.04,-10.89,16.81
-85.96,-10.89,16.72
-86.25,-10.89,16.54
-86.43,-10.89,16.34
-86.28,-10.89,16.64
-85.84,-10.88,16.81
-86.05,-10.88,16.81
-86.52,-10.89,16.5
-85.06,-10.88,16.88
-84.61,-10.88,17.03
-84.63,-10.89,16.87
-85.11,-10.88,17.15
-84.94,-10.88,16.97
-84.83,-10.88,17.02
-84.9,-10.88,16.77
-84.94,-10.88,16.82
-84.67,-10.89,16.72
-84.48,-10.89,16.92
-86.37,-10.89,16.63
-86.53,-10.89,16.54
-86.46,-10.89,16.62
-86.26,-10.89,16.55
-86.03,-10.89,16.63
-86.38,-10.89,16.48
-86.12,-10.89,16.58
-86.17,-10.88,16.78
-86.05,-10.89,16.6
-85.99,-10.89,16.53
-92.83,-10.91,15.61
-93.52,-10.91,15.55
-93.39,-10.92,15.48
-93.25,-10.91,15.62
-93.23,-10.91,15.7
-93.23,-10.91,15.63
-93.34,-10.92,15.27
-93.19,-10.92,15.37
-93.18,-10.92,15.28
-93.05,-10.92,15.47
-86.22,-10.89,16.49
-85.94,-10.89,16.45
-86.16,-10.89,16.39
-86.16,-10.89,16.52
-85.97,-10.89,16.8
-86.2,-10.88,16.71
-86.2,-10.89,16.73
-86.32,-10.89,16.49
-86.41,-10.89,16.49
-86.15,-10.89,16.48
-84.72,-10.88,17.02
-84.41,-10.88,17.02
-84.57,-10.89,16.86
-84.56,-10.88,16.9
-84.89,-10.88,16.92
-84.58,-10.88,16.74
-84.63,-10.88,16.97
-84.42,-10.88,17.21
-84.74,-10.88,16.98
-84.58,-10.88,17.13
-86.26,-10.89,16.48
-86.31,-10.89,16.51
-86.42,-10.9,16.42
-86.07,-10.9,16.49
-86.14,-10.89,16.55
-86.41,-10.89,16.43
-86.46,-10.89,16.48
-86.38,-10.89,16.52
-86.41,-10.89,16.52
-86.47,-10.89,16.48
-90.72,-10.89,16.54
-90.64,-10.89,16.89
-90.88,-10.9,16.47
-90.75,-10.89,16.53
-90.86,-10.89,16.46
-90.68,-10.89,16.43
-90.98,-10.89,16.54
-91.55,-10.9,16.33
-91.02,-10.89,16.6
-90.82,-10.89,16.77
-86.31,-10.88,16.64
-86.22,-10.89,16.74
-86.18,-10.89,16.75
-86.01,-10.89,16.77
-86.06,-10.89,16.65
-86.35,-10.89,16.59
-86.3,-10.89,16.66
-86.32,-10.89,16.66
-86.56,-10.89,16.48
-86.2,-10.89,16.74
-93.37,-10.92,15.21
-93.33,-10.92,15.27
-93.58,-10.92,15.38
-93.32,-10.92,15.46
-93.26,-10.91,15.62
-93.06,-10.92,15.4
-93.16,-10.93,15.18
-93.24,-10.93,15.17
-93.29,-10.92,15.3
-93.03,-10.93,15.06
-86.26,-10.89,16.6
-86.49,-10.89,16.58
-86.37,-10.89,16.57
-86.21,-10.89,16.72
-86.11,-10.89,16.66
-86.3,-10.89,16.69
-86.19,-10.89,16.7
-86.21,-10.89,16.72
-86.25,-10.89,16.57
-86.26,-10.89,16.7
-93.09,-10.91,15.61
-93.12,-10.92,15.52
-93.25,-10.92,15.38
-93.12,-10.92,15.29
-92.97,-10.92,15.52
-93.47,-10.92,15.34
-93.3,-10.93,15.12
-93.15,-10.93,15.14
-93.24,-10.92,15.31
-93.21,-10.92,15.27
-86.43,-10.89,16.37
-86.3,-10.89,16.49
-85.8,-10.88,16.7
-86.14,-10.89,16.49
-86.02,-10.89,16.72
-85.91,-10.88,16.76
-85.97,-10.89,16.73
-86.06,-10.89,16.66
-86.32,-10.89,16.67
-86.38,-10.89,16.59
-93.19,-10.92,15.52
-93.4,-10.92,15.31
-93.34,-10.92,15.48
-93.33,-10.91,15.56
-93.39,-10.92,15.48
-93.48,-10.91,15.49
-93.37,-10.92,15.35
-93.33,-10.92,15.38
-93.33,-10.92,15.51
-93.22,-10.91,15.62
-86.34,-10.89,16.51
-86.1,-10.89,16.68
-86.25,-10.89,16.83
-86.57,-10.89,16.66
-86.14,-10.88,16.83
-86.24,-10.89,16.68
-86.11,-10.89,16.79
-86.12,-10.89,16.79
-86.02,-10.88,16.9
-86.06,-10.89,16.71
-93.65,-10.91,15.71
-93.71,-10.91,15.55
-93.76,-10.91,15.79
-93.61,-10.92,15.54
-93.78,-10.92,15.6
-93.63,-10.91,15.84
-93.65,-10.91,15.72
-93.68,-10.92,15.4
-93.66,-10.91,15.59
-93.65,-10.91,15.65
-86.06,-10.88,16.92
-86.12,-10.89,16.63
-86.19,-10.88,16.78
-86.12,-10.89,16.75
-86.21,-10.89,16.45
-86.13,-10.89,16.77
-86.15,-10.89,16.47
-85.98,-10.88,16.74
-86.1,-10.89,16.65
-85.95,-10.9,16.64
-84.69,-10.88,17.07
-84.45,-10.88,17.02
-84.66,-10.88,17.06
-84.61,-10.88,17.02
-84.86,-10.88,16.89
-84.69,-10.88,16.9
-85.13,-10.89,16.76
-84.6,-10.88,16.97
-84.53,-10.88,17
-84.82,-10.88,16.91
-86.16,-10.88,16.72
-86.34,-10.89,16.55
-86.47,-10.89,16.37
-86.37,-10.89,16.33
-86,-10.89,16.6
-86.1,-10.89,16.64
-86.27,-10.89,16.7
-85.98,-10.89,16.7
-86.24,-10.89,16.67
-86.53,-10.89,16.57
-93.24,-10.91,15.56
-93.33,-10.91,15.61
-93.48,-10.91,15.77
-93.52,-10.91,15.74
-93.55,-10.92,15.61
-93.54,-10.92,15.63
-93.67,-10.92,15.54
-93.53,-10.91,15.65
-93.44,-10.91,15.55
-93.65,-10.91,15.73
-86.49,-10.89,16.57
-86.61,-10.89,16.44
-86.44,-10.89,16.62
-86.3,-10.89,16.73
-86.59,-10.89,16.45
-86.56,-10.89,16.66
-86.51,-10.88,16.7
-86.45,-10.89,16.49
-86.42,-10.88,16.65
-86.59,-10.89,16.54
-84.68,-10.88,16.93
-84.86,-10.88,17
-84.52,-10.88,17.09
-84.74,-10.88,16.97
-84.63,-10.88,17.09
-84.92,-10.88,16.84
-84.93,-10.88,16.8
-84.86,-10.89,16.68
-85,-10.89,16.73
-84.72,-10.88,16.98
-86.55,-10.89,16.46
-86.32,-10.89,16.65
-86.53,-10.89,16.42
-86.14,-10.89,16.74
-86.58,-10.89,16.47
-86.15,-10.88,16.84
-86.38,-10.89,16.54
-86.54,-10.89,16.51
-86.24,-10.89,16.61
-86.3,-10.89,16.49
-84.95,-10.87,17.56
-85.16,-10.87,17.44
-85.21,-10.87,17.61
-84.76,-10.87,17.58
-85.07,-10.87,17.9
-85.17,-10.86,17.94
-84.61,-10.87,17.84
-84.57,-10.87,17.83
-84.8,-10.87,17.61
-85.2,-10.87,17.78
-86.21,-10.89,16.52
-85.77,-10.89,16.83
-86.27,-10.89,16.61
-86.08,-10.89,16.68
-86.09,-10.89,16.74
-86.11,-10.89,16.66
-85.95,-10.89,16.81
-86.3,-10.88,16.64
-86.3,-10.88,16.72
-86.28,-10.89,16.59
-84.88,-10.89,16.75
-84.78,-10.88,16.9
-84.83,-10.89,16.6
-84.6,-10.89,16.88
-85.06,-10.89,16.54
-85.21,-10.89,16.69
-85.44,-10.89,16.78
-85.46,-10.89,16.61
-85.29,-10.89,16.46
-85.11,-10.88,16.81
-85.93,-10.89,16.7
-86.35,-10.89,16.66
-86.55,-10.89,16.53
-85.95,-10.89,16.68
-86.19,-10.88,16.71
-86,-10.89,16.72
-86.25,-10.89,16.66
-86.13,-10.88,16.7
-86.32,-10.88,16.62
-86.35,-10.89,16.65
-84.85,-10.86,17.94
-84.96,-10.87,17.69
-84.74,-10.87,17.73
-84.69,-10.87,17.64
-84.65,-10.87,17.66
-84.76,-10.87,17.58
-85.09,-10.87,17.59
-84.51,-10.87,17.87
-84.48,-10.87,17.76
-84.63,-10.87,17.73
-86.45,-10.89,16.41
-86.22,-10.89,16.63
-86.25,-10.89,16.6
-86.34,-10.89,16.72
-86.06,-10.89,16.74
-86.39,-10.89,16.77
-86.26,-10.89,16.81
-86.12,-10.88,16.77
-85.99,-10.88,16.83
-86.31,-10.88,16.69
-93.54,-10.92,15.16
-93.61,-10.92,15.42
-93.36,-10.91,15.52
-93.18,-10.92,15.39
-93.07,-10.92,15.53
-92.98,-10.91,15.67
-93,-10.91,15.8
-92.97,-10.91,15.67
-93.29,-10.91,15.54
-92.7,-10.91,15.62
-86.29,-10.88,16.68
-86.33,-10.89,16.87
-86.24,-10.89,16.72
-86.07,-10.88,17.02
-86.07,-10.89,16.63
-86.05,-10.88,16.69
-86.39,-10.89,16.44
-86.44,-10.89,16.53
-86.19,-10.89,16.61
-86.3,-10.89,16.58
-89.99,-10.88,17.2
-89.98,-10.88,16.99
-89.66,-10.88,17.22
-89.66,-10.88,17.19
-90.15,-10.89,16.62
-89.99,-10.88,17.11
-90.68,-10.89,16.53
-90.48,-10.88,16.84
-90.57,-10.89,16.67
-90.6,-10.89,16.65
-86.63,-10.89,16.35
-86.75,-10.89,16.49
-86.58,-10.89,16.42
-86.26,-10.89,16.56
-86.29,-10.89,16.66
-86.39,-10.89,16.56
-86.25,-10.89,16.7
-86.5,-10.9,16.34
-86.2,-10.89,16.63
-86.25,-10.89,16.57
-92.29,-10.9,16.13
-92.56,-10.91,15.76
-92.54,-10.9,15.99
-92.95,-10.92,15.29
-92.95,-10.92,15.21
-93.32,-10.92,15.26
-93.68,-10.92,15.26
-93.36,-10.93,15.21
-93.06,-10.93,15.14
-93.43,-10.93,14.93
-86.42,-10.89,16.47
-86.37,-10.89,16.61
-86.63,-10.89,16.72
-86.34,-10.89,16.78
-86.3,-10.89,16.72
-86.43,-10.88,16.81
-86.34,-10.89,16.65
-86.41,-10.89,16.57
-86.49,-10.88,16.74
-86.41,-10.89,16.61
-93.64,-10.91,15.84
-93.76,-10.92,15.27
-93.84,-10.91,15.64
-93.29,-10.92,15.26
-93.25,-10.92,15.37
-93.34,-10.92,15.52
-93.05,-10.91,15.51
-93.27,-10.92,15.55
-93.31,-10.91,15.51
-93.13,-10.91,15.83
-86.22,-10.88,16.67
-86.27,-10.89,16.65
-86.38,-10.89,16.49
-86.26,-10.89,16.64
-86.16,-10.88,16.77
-86.19,-10.88,16.59
-86.37,-10.88,16.77
-86.35,-10.88,16.67
-86.28,-10.89,16.69
-86.33,-10.89,16.53
-84.23,-10.86,18.02
-84.37,-10.86,17.88
-84.45,-10.87,18.05
-84.3,-10.86,18.14
-84.37,-10.86,18.05
-84.58,-10.87,18.05
-84.35,-10.87,17.97
-84.28,-10.86,18.02
-84.41,-10.86,18.11
-84.33,-10.86,18.12
-86.18,-10.89,16.59
-86.28,-10.88,16.73
-86.23,-10.89,16.61
-86.27,-10.89,16.82
-86.41,-10.89,16.65
-86.3,-10.89,16.77
-86.3,-10.88,16.74
-86.16,-10.89,16.81
-86.17,-10.88,16.89
-86.15,-10.89,16.74
-92.29,-10.94,14.8
-92.55,-10.9,15.93
-92.36,-10.89,16.42
-92.49,-10.9,16.1
-92.82,-10.91,15.95
-92.55,-10.9,16.04
-92.65,-10.9,15.93
-92.74,-10.9,16.13
-92.61,-10.9,15.96
-92.71,-10.9,15.95
-86.04,-10.89,16.71
-86.2,-10.88,16.71
-86.1,-10.89,16.52
-86.14,-10.88,17.14
-86.5,-10.89,16.58
-86.63,-10.89,16.38
-86.53,-10.89,16.52
-86.45,-10.89,16.5
-86.39,-10.89,16.52
-86.25,-10.88,16.94
-97.22,-11.01,13.01
-97.19,-11.01,13.01
-97.37,-11.02,12.75
-97.46,-11.03,12.63
-97.36,-11.02,12.92
-97.32,-11.02,12.74
-97.35,-11,13.03
-97.34,-11.01,12.96
-97.3,-11.02,12.83
-97.59,-11.03,12.58
-86.43,-10.89,16.6
-86.39,-10.88,17
-86.02,-10.88,17.2
-85.77,-10.87,17.63
-85.7,-10.87,17.61
-85.88,-10.87,17.44
-85.66,-10.87,17.57
-85.6,-10.87,17.74
-85.68,-10.87,17.66
-85.75,-10.87,17.72
-99.02,-11.04,12.34
-99.12,-11.03,12.53
-99.12,-11.04,12.33
-99.06,-11.03,12.47
-98.71,-11.02,12.72
-98.66,-11.02,12.84
-98.36,-11.04,12.37
-98.04,-11.02,12.81
-98.2,-11.03,12.65
-97.7,-11.02,12.55
-85.89,-10.87,17.57
-85.97,-10.87,17.43
-86.17,-10.88,17.05
-86.08,-10.87,17.62
-85.97,-10.87,17.51
-85.86,-10.87,17.42
-85.86,-10.87,17.52
-85.85,-10.87,17.48
-85.96,-10.88,17.25
-86.01,-10.88,17.15
-90.65,-10.89,16.52
-90.7,-10.89,16.66
-90.66,-10.89,16.46
-90.63,-10.89,16.76
-90.75,-10.89,16.61
-90.68,-10.89,16.87
-90.77,-10.89,16.65
-90.69,-10.89,16.53
-90.52,-10.89,16.57
-90.68,-10.89,16.66
-86.07,-10.89,16.91
-86.28,-10.89,16.77
-85.88,-10.88,17.39
-86.03,-10.88,17.07
-86.09,-10.88,17.06
-85.95,-10.88,17.17
-85.91,-10.88,17.18
-86.1,-10.88,17
-93.43,-10.91,15.66
-93.16,-10.91,15.71
-93.22,-10.91,15.58
-93.35,-10.92,15.3
-93.06,-10.92,15.2
-93.51,-10.93,15.04
-93.68,-10.93,15.11
-92.47,-10.92,15.26
-93.38,-10.92,15.35
-92.04,-10.92,15.39
-92.27,-10.92,15.38
-92.25,-10.92,15.33
-92.26,-10.92,15.28
-92.78,-10.93,15.12
-93.32,-10.93,15
-92.58,-10.92,15.28
-92.43,-10.92,15.21
-92.43,-10.93,15.06
-92.43,-10.93,15.1
-92.32,-10.93,15.06
-85.35,-10.88,17.35
-85.21,-10.87,17.39
-85.38,-10.87,17.37
-85.45,-10.88,17.44
-85.36,-10.87,17.39
-85.12,-10.87,17.34
-85.34,-10.87,17.3
-85.26,-10.87,17.45
-85.1,-10.87,17.32
-85.22,-10.87,17.32
-84.55,-10.87,17.8
-84.88,-10.86,17.85
-84.48,-10.86,17.8
-84.82,-10.86,17.7
-85.03,-10.87,17.73
-84.87,-10.87,17.69
-84.92,-10.87,17.61
-84.88,-10.87,17.67
-85,-10.87,17.63
-85.01,-10.87,17.56
-85.41,-10.87,17.43
-85.24,-10.88,17.28
-85.69,-10.88,17.23
-85.67,-10.87,17.31
-85.49,-10.87,17.48
-85.33,-10.88,17.33
-87.11,-10.88,16.94
-87.63,-10.89,16.66
-87.16,-10.88,16.92
-87.12,-10.88,16.95
-92.61,-10.93,14.98
-92.79,-10.93,14.97
-92.73,-10.93,15.13
-92.31,-10.94,14.87
-92.56,-10.93,15.07
-92.27,-10.92,15.22
-92.37,-10.92,15.18
-92.39,-10.93,15.1
-92.24,-10.92,15.31
-92.17,-10.92,15.35
-87.29,-10.88,16.76
-87.29,-10.88,16.94
-87.22,-10.88,16.92
-87.19,-10.88,16.98
-87.36,-10.88,16.8
-87.13,-10.88,16.93
-87.18,-10.88,16.93
-87.22,-10.88,16.89
-87.31,-10.88,16.96
-87.34,-10.88,16.92
-97.95,-11.05,12.12
-97.82,-11.04,12.36
-97.81,-11.04,12.46
-97.85,-11.05,12.18
-97.84,-11.04,12.27
-97.92,-11.04,12.38
-98.02,-11.06,12.1
-97.94,-11.05,12.21
-97.79,-11.04,12.37
-97.84,-11.06,12.04
-97.87,-11.05,12.06
-97.99,-11.04,12.32
-97.94,-11.05,12.13
-97.98,-11.05,12.12
-97.84,-11.05,12.22
-97.43,-11.03,12.56
-97.54,-11.02,12.75
-97.56,-11.03,12.49
-97.53,-11.04,12.45
-97.92,-11.06,12.16
-97.84,-11.03,12.41
-97.66,-11.05,12.3
-97.94,-11.06,12.03
-97.75,-11.04,12.29
-97.92,-11.06,11.91
-97.88,-11.05,12.3
-97.82,-11.05,12.3
-97.49,-11.04,12.41
-97.39,-11.02,12.64
-97.78,-11.04,12.41
-97.61,-11.04,12.46
-97.66,-11.03,12.45
-97.63,-11.03,12.58
-97.79,-11.03,12.64
-97.93,-11.06,12.12
-97.91,-11.07,11.98
-97.9,-11.04,12.38
-97.8,-11.05,12.2
-97.72,-11.04,12.47
-97.15,-11,13.31
-97.59,-11.02,12.85
-97.73,-11.05,12.23
-97.43,-11.02,12.74
-97.74,-11.04,12.34
-97.59,-11.02,12.59
-97.46,-11.04,12.29
-97.26,-11.06,12.17
-98.4,-11.31,9.41
-98.81,-11.38,8.97
-98.32,-11.03,12.83
-90.83,-10.89,16.72
-90.69,-10.89,16.69
-90.78,-10.89,16.54
-90.69,-10.88,16.87
-90.87,-10.88,16.69
-90.94,-10.89,16.58
-90.77,-10.88,16.67
-90.88,-10.89,16.59
-90.84,-10.88,16.89
-90.72,-10.89,16.63
-90.78,-10.89,16.67
-90.85,-10.89,16.63
-90.79,-10.88,16.76
-90.96,-10.89,16.56
-90.94,-10.89,16.56
-90.93,-10.89,16.54
-91.01,-10.89,16.55
-90.84,-10.89,16.7
-90.79,-10.89,16.6
-91.08,-10.89,16.52
-90.91,-10.89,16.7
-91.01,-10.89,16.67
-91.02,-10.89,16.51
-91.04,-10.89,16.6
-91.07,-10.89,16.48
-90.99,-10.88,16.9
-91.05,-10.89,16.69
-91.05,-10.88,16.75
-91,-10.89,16.61
-90.98,-10.89,16.63
-91.27,-10.89,16.35
-91.27,-10.89,16.72
-91.18,-10.88,16.62
-91.09,-10.89,16.35
-91.12,-10.89,16.39
-91.07,-10.89,16.37
-91.07,-10.89,16.64
-90.98,-10.89,16.72
-90.92,-10.9,16.55
-91.08,-10.89,16.59
-91.22,-10.89,16.37
-91.16,-10.89,16.53
-90.56,-10.89,16.52
-90.68,-10.89,16.46
-89.69,-10.89,16.71
-89.69,-10.88,16.85
-89.64,-10.89,16.71
-89.71,-10.89,16.78
-89.62,-10.88,16.73
-89.77,-10.89,16.62
-92.01,-10.91,15.62
-91.58,-10.91,15.64
-91.85,-10.92,15.43
-91.84,-10.91,15.56
-91.64,-10.92,15.57
-92.18,-10.91,15.6
-92.51,-10.92,15.34
-92.45,-10.92,15.19
-92.11,-10.91,15.56
-92.25,-10.92,15.5
-92.19,-10.93,15.25
-91.99,-10.92,15.41
-92.15,-10.92,15.3
-92.05,-10.91,15.61
-92.02,-10.91,15.5
-92.29,-10.91,15.72
-92.12,-10.9,15.98
-92.12,-10.91,15.64
-92.1,-10.91,15.48
-92.11,-10.9,15.86
-92.21,-10.91,15.56
-92.01,-10.91,15.7
-92.11,-10.91,15.59
-92.35,-10.91,15.66
-92.29,-10.91,15.53
-91.9,-10.91,15.7
-92.11,-10.91,15.85
-92.1,-10.91,15.75
-92.29,-10.91,15.7
-92.22,-10.91,15.65
-87.71,-10.88,16.74
-87.64,-10.88,16.81
-87.56,-10.88,16.9
-87.54,-10.88,16.88
-87.5,-10.88,16.81
-87.42,-10.88,16.86
-87.41,-10.88,16.89
-87.37,-10.89,16.8
-87.39,-10.88,16.95
-87.33,-10.88,16.98
-87.29,-10.88,17.03
-87.52,-10.89,16.69
-87.44,-10.89,16.79
-87.74,-10.88,16.84
-87.47,-10.88,16.75
-87.51,-10.89,16.84
-87.63,-10.88,16.87
-87.58,-10.88,16.81
-87.69,-10.89,16.84
-87.79,-10.89,16.76
-87.62,-10.89,16.73
-87.58,-10.89,16.76
-87.6,-10.89,16.69
-87.38,-10.88,16.97
-87.55,-10.88,16.81
-87.38,-10.89,16.76
-87.52,-10.88,16.81
-87.44,-10.88,16.8
-87.4,-10.88,16.88
-87.61,-10.89,16.69
-87.64,-10.89,16.71
-87.69,-10.89,16.58
-87.46,-10.88,16.84
-87.79,-10.89,16.68
-87.81,-10.88,16.81
-87.62,-10.88,16.9
-87.54,-10.88,16.82
-87.79,-10.89,16.64
-87.62,-10.89,16.82
-87.54,-10.88,16.73
-87.33,-10.88,17.05
-87.35,-10.88,17.15
-87.26,-10.88,17.08
-87.34,-10.88,17.03
-87.35,-10.88,17.17
-87.51,-10.88,17.1
-87.35,-10.88,17.16
-87.36,-10.88,17.16
-87.23,-10.88,16.99
-87.16,-10.88,17.06
-87.29,-10.88,17.07
-87.2,-10.88,17.11
-87.25,-10.88,17.11
-87.18,-10.88,17.12
-87.58,-10.88,16.99
-87.57,-10.88,17.04
-87.14,-10.88,17.27
-87.62,-10.88,16.98
-87.66,-10.88,17.07
-87.43,-10.88,17.06
-87.38,-10.88,16.98
-87.46,-10.88,17.25
-87.5,-10.88,17
-87.62,-10.89,16.85
-87.41,-10.88,17.06
-87.24,-10.88,17.06
-87.37,-10.88,17.05
-87.33,-10.88,17.16
-87.44,-10.88,16.94
-87.52,-10.88,17
-87.47,-10.88,17.14
-87.55,-10.88,16.91
-87.57,-10.88,16.95
-87.72,-10.89,16.88
-86.81,-10.87,17.47
-87.11,-10.87,17.41
-87.07,-10.87,17.38
-87.07,-10.88,17.31
-87.52,-10.88,17
-87.62,-10.89,16.85
-86.51,-10.9,16.04
-85.11,-10.88,17.24
-85,-10.88,17.22
-85.12,-10.88,17.14
-85.11,-10.87,17.72
-84.64,-10.86,18.06
-84.16,-10.87,18
-84.81,-10.89,16.7
-85.39,-10.89,16.87
-84.71,-10.88,16.98
-84.07,-10.88,16.97
-85.75,-10.89,16.63
-84.33,-10.87,17.4
-84.15,-10.88,17.31
-84.52,-10.88,16.93
-84.21,-10.88,17.22
-84.22,-10.88,17.03
-83.94,-10.87,17.35
-84.2,-10.88,17.09
-84.24,-10.87,17.39
-84.05,-10.88,17.24
-84.25,-10.87,17.23
-84.25,-10.87,17.26
-84.27,-10.88,17.23
-84.92,-10.87,17.61
-84.88,-10.87,17.67
-85,-10.87,17.63
-85.01,-10.87,17.56
-85.43,-10.88,17.29
-86.23,-10.89,16.82
-85.7,-10.88,17.02
-85.52,-10.88,17.04
-84.95,-10.87,17.71
-83.74,-10.87,17.81
-84.53,-10.88,17.19
-86.97,-10.89,16.5
-85.48,-10.89,16.67
-84.18,-10.89,16.57
-85.75,-10.89,16.63
-84.33,-10.87,17.4
-84.08,-10.87,17.9
-84.85,-10.87,17.65
-84.77,-10.87,17.91
-84.63,-10.87,17.74
-84.27,-10.87,17.85
-84.12,-10.87,17.79
-84.19,-10.88,17.35
-84.22,-10.88,17.39
-84.52,-10.88,17.12
-84.6,-10.88,17.11
-84.71,-10.88,17.11
-84.42,-10.88,17.01
-84.75,-10.88,16.83
-85.09,-10.89,16.57
-84.86,-10.89,16.71
-85.06,-10.88,16.88
-84.61,-10.88,17.03
-84.63,-10.89,16.87
-85.11,-10.88,17.15
-84.94,-10.88,16.97
-84.83,-10.88,17.02
-84.9,-10.88,16.77
-84.94,-10.88,16.82
-84.67,-10.89,16.72
-84.48,-10.89,16.92
-84.72,-10.88,17.02
-84.41,-10.88,17.02
-84.57,-10.89,16.86
-84.56,-10.88,16.9
-84.89,-10.88,16.92
-84.58,-10.88,16.74
-84.63,-10.88,16.97
-84.42,-10.88,17.21
-84.74,-10.88,16.98
-84.58,-10.88,17.13
-83.66,-10.87,17.39
-84.01,-10.87,17.44
-83.58,-10.87,17.54
-83.76,-10.88,17.33
-84.05,-10.88,17.43
-84.26,-10.88,17.28
-84.2,-10.88,17.22
-84.23,-10.88,17.21
-84.22,-10.88,17.13
-84.25,-10.88,17.02
-84.74,-10.88,16.97
-84.63,-10.88,17.09
-84.92,-10.88,16.84
-84.93,-10.88,16.8
-84.86,-10.89,16.68
-85.08,-10.87,17.72
-83.99,-10.87,17.7
-84.21,-10.87,17.53
-84.06,-10.87,17.61
-84.02,-10.87,17.56
-84.02,-10.87,17.53
-84.32,-10.87,17.78
-84.43,-10.87,17.48
-84.82,-10.87,17.53
-84.56,-10.87,17.38
-84.71,-10.88,17.23
-86.33,-10.88,17.33
-85,-10.89,16.73
-84.75,-10.87,17.73
-85.01,-10.88,17.44
-84.81,-10.87,17.73
-84.95,-10.87,17.56
-85.16,-10.87,17.44
-85.21,-10.87,17.61
-84.76,-10.87,17.58
-85.07,-10.87,17.9
-85.17,-10.86,17.94
-84.61,-10.87,17.84
-84.57,-10.87,17.83
-84.8,-10.87,17.61
-85.2,-10.87,17.78
-84.85,-10.86,17.94
-84.96,-10.87,17.69
-84.74,-10.87,17.73
-84.69,-10.87,17.64
-84.65,-10.87,17.66
-84.76,-10.87,17.58
-85.09,-10.87,17.59
-84.51,-10.87,17.87
-84.48,-10.87,17.76
-84.63,-10.87,17.73
-84.55,-10.87,17.8
-84.88,-10.86,17.85
-84.48,-10.86,17.8
-84.82,-10.86,17.7
-85.03,-10.87,17.73
-84.87,-10.87,17.69
-84.34,-10.87,17.85
-84.86,-10.87,17.69
-83.67,-10.87,17.82
-84.37,-10.86,17.9
-84.85,-10.87,17.77
-84.2,-10.87,17.84
-84.67,-10.87,17.94
-83.83,-10.87,17.74
-83.38,-10.86,18.16
-83.85,-10.87,17.89
-84.23,-10.87,17.76
-83.78,-10.86,17.83
-83.65,-10.86,18.14
-83.74,-10.87,17.95
-83.53,-10.86,18.13
-83.47,-10.86,18.04
-83.6,-10.87,17.71
-83.72,-10.87,17.87
-84.17,-10.87,17.69
-83.9,-10.87,17.85
-83.43,-10.86,18.05
-83.51,-10.86,17.97
-83.54,-10.87,17.88
-83.86,-10.87,17.94
-83.63,-10.86,18
-83.98,-10.86,17.86
-83.87,-10.87,17.88
-83.63,-10.87,17.77
-84.33,-10.87,17.62
-84.22,-10.87,17.65
-83.95,-10.87,17.75
-84.09,-10.87,17.79
-84.1,-10.87,17.66
-84.21,-10.87,17.73
-84.25,-10.87,17.66
-84,-10.87,17.43
-84.03,-10.87,17.63
-83.81,-10.87,17.66
-83.94,-10.87,17.79
-84.08,-10.87,17.69
-84.2,-10.87,17.61
-83.88,-10.86,17.95
-83.7,-10.86,17.93
-83.91,-10.87,17.65
-83.73,-10.86,17.98
-83.91,-10.87,17.74
-83.71,-10.87,17.81
-83.6,-10.86,17.8
-84.03,-10.87,17.82
-83.56,-10.86,18
-83.83,-10.87,17.75
-84.08,-10.87,17.77
-83.75,-10.87,17.91
-83.86,-10.87,17.82
-83.86,-10.87,17.79
-83.99,-10.87,17.78
-83.15,-10.87,17.73
-83.31,-10.87,17.43
-83.56,-10.87,17.5
-83.38,-10.87,17.5
-83.35,-10.87,17.61
-83.19,-10.88,17.48
-83.27,-10.87,17.52
-83.15,-10.87,17.47
-82.96,-10.87,17.84
-83.55,-10.87,17.37
-83.27,-10.88,17.48
-83.74,-10.88,17.06
-84.24,-10.89,16.6
-84.51,-10.87,17.73
-83.84,-10.86,18.01
-82.42,-10.87,17.83
-82.41,-10.87,17.94
-82.57,-10.87,18
-86.35,-10.88,17.38
-83.57,-10.88,17.36
-83.77,-10.87,17.63
-84.6,-10.87,17.24
-84.35,-10.87,17.56
-84.33,-10.87,17.55
-84.46,-10.87,17.5
-84.6,-10.87,17.57
-84.21,-10.87,17.6
-83.52,-10.87,17.67
-83.87,-10.87,17.7
-83.77,-10.87,17.54
-84.15,-10.87,17.52
-84.03,-10.87,17.73
-84.02,-10.87,17.55
-84.24,-10.87,17.45
-84,-10.87,17.67
-84.05,-10.87,17.4
-83.95,-10.87,17.66
-84.09,-10.87,17.5
-84.08,-10.87,17.62
-83.66,-10.87,17.57
-83.86,-10.87,17.4
-83.97,-10.87,17.58
-84.22,-10.87,17.55
-83.82,-10.87,17.7
-84.2,-10.87,17.56
-84.24,-10.87,17.73
-84.2,-10.87,17.72
-84.17,-10.87,17.78
-84.06,-10.87,17.61
-83.93,-10.86,17.8
-83.89,-10.87,17.58
-84.07,-10.87,17.7
-84.33,-10.87,17.62
-84.3,-10.87,17.68
-83.86,-10.87,17.71
-84.05,-10.86,17.85
-84,-10.87,17.53
-84.28,-10.87,17.6
-84.31,-10.87,17.62
-84.34,-10.87,17.69
-84.31,-10.87,17.62
-84.27,-10.87,17.54
-84.5,-10.87,17.6
-84.4,-10.87,17.63
-84.25,-10.87,17.55
-84.41,-10.87,17.54
-84.6,-10.87,17.58
-84.45,-10.87,17.53
-84.4,-10.87,17.7
-84.14,-10.87,17.67
-84.19,-10.87,17.65
-84.41,-10.87,17.64
-84.54,-10.87,17.55
-84.74,-10.87,17.63
-84.33,-10.87,17.52
-84.46,-10.87,17.61
-84.16,-10.87,17.54
-84.38,-10.87,17.53
-84.49,-10.88,17.36
-84.52,-10.87,17.4
-84.27,-10.87,17.55
-84.38,-10.87,17.45
-84.34,-10.87,17.5
-84.26,-10.87,17.42
-84.31,-10.87,17.56
-84.31,-10.87,17.43
-83.92,-10.87,17.46
-84.32,-10.87,17.59
-84.34,-10.87,17.64
-84.3,-10.88,17.34
-84.52,-10.88,17.33
-84.52,-10.88,17.32
-84.55,-10.88,17.32
-84.21,-10.87,17.51
-84.25,-10.87,17.46
-84.28,-10.87,17.57
-84.59,-10.87,17.31
-84.63,-10.87,17.46
-84.47,-10.87,17.65
-84.73,-10.87,17.59
-84.39,-10.87,17.4
-84.38,-10.88,17.41
-84.22,-10.87,17.54
-83.77,-10.87,17.59
-83.95,-10.87,17.7
-84.72,-10.88,16.98
-84.88,-10.89,16.75
-84.78,-10.88,16.9
-84.83,-10.89,16.6
-84.6,-10.89,16.88
-85.06,-10.89,16.54
-85.21,-10.89,16.69
-85.44,-10.89,16.78
-85.46,-10.89,16.61
-85.29,-10.89,16.46
-85.11,-10.88,16.81
-85.01,-10.88,16.85
-84.86,-10.88,16.76
-85.1,-10.89,16.87
-84.81,-10.89,16.7
-84.4,-10.88,16.99
-85.03,-10.89,16.64
-84.48,-10.88,17.03
-84.46,-10.88,17.02
-84.58,-10.89,16.44
-84.92,-10.89,16.39
-84.52,-10.89,16.68
-84.32,-10.88,16.87
-84.62,-10.88,16.93
-84.54,-10.89,16.78
-84.69,-10.88,17.07
-84.45,-10.88,17.02
-84.66,-10.88,17.06
-84.61,-10.88,17.02
-84.86,-10.88,16.89
-84.69,-10.88,16.9
-85.13,-10.89,16.76
-84.6,-10.88,16.97
-84.53,-10.88,17
-84.82,-10.88,16.91
-84.68,-10.88,16.93
-84.86,-10.88,17
-84.52,-10.88,17.09
-84.28,-10.88,17.14
-83.83,-10.88,17.28
-84.1,-10.88,17.12
-84.47,-10.88,17.1
-84.48,-10.88,17.09
-84.65,-10.88,17.28
-84.38,-10.88,17.14
-83.9,-10.87,17.44
-83.86,-10.87,17.28
-84.01,-10.87,17.3
-85.39,-10.89,16.87
-84.71,-10.88,16.98
-84.07,-10.88,16.97
-83.56,-10.87,17.53
-86.12,-10.88,16.86
-84.87,-10.88,16.88
-84.8,-10.89,16.78
-84.76,-10.87,17.58
-84.42,-10.87,17.76
-84.43,-10.86,17.98
-85.63,-10.89,16.81
-85.79,-10.89,16.8
